item_id,category_class,sold_price,price,area_name,condition,size,listing_at,item_tag_hash
7966,0.0,1164,1162,fff,Fair,7,2017-02-01 16:11:18.978516,3ca192bd7558780793444f73366c58d60c9d7775
1850,0.0,1005,1004,fff,Fair,3,2017-02-02 14:42:51.693295,fbaacb960902382e4f6c96f2d8f225c24eecadb4
7582,2.0,944,944,aaa,Fair,5,2017-02-03 01:55:53.406374,785a7925363bf133a7c5413c563f331c5e02cc69
6560,0.0,1068,1067,fff,Fair,7,2017-01-30 23:34:02.268603,f8997252c6e5ae3d950b736e1a81160a2e937a7f
7368,3.0,1407,1407,ddd,Good,15,2017-02-03 13:38:37.845010,ca59bcd3da4daac52f3fcfdc0ab963f65cf421bc
9404,2.0,980,979,ddd,Good,3,2017-01-30 19:33:36.034323,1eb904b6d0c2a41af59e2d1fdd0e10624d94c81a
8367,1.0,1371,2102,jjj,Good,11,2017-02-01 14:54:04.357796,b7553c6080f116f0115b1f080e03484b98292d8b
7710,2.0,771,770,hhh,Good,2,2017-02-03 14:16:04.329649,1eb904b6d0c2a41af59e2d1fdd0e10624d94c81a
5402,0.0,1004,1003,fff,Like New,2,2017-01-31 15:56:31.932041,8422051640d7c9a740564eff35fbdce111c6c557
1909,4.0,1096,1095,bbb,Good,3,2017-02-01 14:31:52.669176,3b928622f8479780e1593e188d5315edb7d6f786
2791,4.0,971,970,aaa,Like New,4,2017-01-29 21:39:20.791830,30b601f0cbe127b082649fe6fcd93fa86c798107
7451,0.0,1160,1157,hhh,Good,3,2017-01-31 04:08:25.783271,1c90b882d4ac9c7d95d597bd8b37e3bfa36aec00
6184,1.0,1332,1329,ccc,Good,26,2017-01-30 14:50:08.171473,418e19155782fc7f12ced8332c8ed025aec227a5
2327,2.0,1077,1077,ggg,Like New,6,2017-01-31 07:29:06.200968,befa2b19820da7401dbf672069d4af99a040c200
4990,0.0,1094,1091,fff,Fair,7,2017-01-29 22:13:12.923057,1c90b882d4ac9c7d95d597bd8b37e3bfa36aec00
8635,0.0,889,888,kkk,Fair,7,2017-01-30 02:51:44.768187,720280228d832ca4d96e5fd013bddb398998d000
3273,1.0,1154,1151,kkk,Fair,9,2017-02-01 01:09:50.415310,3aec82c18ccca37a61500a2c658e353667387d9d
6054,0.0,877,877,ddd,Good,4,2017-01-31 20:46:10.440383,23a63310b8e95a3702b44b2f22f3248de1561e88
8212,2.0,1188,1186,ccc,Like New,14,2017-01-31 17:06:31.986487,3c4840cf1e3a9541b48135f0467d4846df6e2781
9175,2.0,858,856,ddd,Fair,7,2017-01-29 03:41:54.405559,619b7f2c7440776e5362a04735de28763ff332d8
6034,0.0,1159,1157,ccc,Fair,14,2017-01-29 22:05:45.280822,dc5a02ad7c6cc4b77e93dc175800619e7e684464
5531,3.0,1424,1423,kkk,Good,9,2017-02-03 03:11:39.648848,827ac818d422f57b93682a8478afa2d4f026513d
3987,0.0,1187,1187,bbb,Good,13,2017-01-31 21:42:29.883730,cedf5ccd8253fb636743d0248d10bcc0f11c8edf
2193,0.0,876,876,fff,Fair,2,2017-02-02 13:59:23.945295,784e9240155834852dff458a730cceb50229df32
5804,2.0,1058,1056,aaa,Good,10,2017-02-02 20:31:16.287208,05fa2de99c48086b28d6e7a491a75f6f313af79d
4562,0.0,1221,1220,aaa,Like New,12,2017-02-02 14:14:04.084084,ec883370694191262ca4364fb7b34135e11947b8
2966,2.0,933,930,jjj,Fair,5,2017-01-30 17:49:22.073616,4b19229e380e9ca29673fdb967fd09cdcf4b5b44
3084,0.0,1046,1046,kkk,Good,3,2017-01-31 19:49:24.186574,25c65868b540200530fe4d75eb95a9a92c0c76ce
6428,0.0,1062,1062,ggg,Fair,18,2017-02-01 00:47:03.650730,870f1bf229da5eb26e5e5a7c1d69d9451fa7906a
7388,0.0,1101,1102,eee,Like New,3,2017-02-01 05:03:14.121024,ef9cb1abfdb1d45bb08bd2742f179591c8266187
8664,2.0,1015,1014,fff,Like New,2,2017-02-02 02:50:31.703895,9bda887d240782244c93a03f3cf7f2727c71daf5
6546,1.0,1472,1470,jjj,Like New,4,2017-02-02 08:31:45.215758,6c8e459f96d9cf05e1fac5432df1066b42609e52
6835,3.0,1146,1144,jjj,Like New,25,2017-02-01 18:46:46.943122,ca59bcd3da4daac52f3fcfdc0ab963f65cf421bc
7296,1.0,1100,1099,jjj,Good,21,2017-01-31 04:47:47.134686,eeb8f1dbcd3eedab645d5ab893d199d494579bf3
4977,0.0,912,911,eee,Like New,3,2017-02-04 03:28:00.840032,ea10e810f96fca6858e37fda9832ace147eed87c
1225,3.0,1187,1187,eee,Good,25,2017-02-03 18:11:45.788335,83ec73d69436a58d7bd6ba448a17c1aa22d950c8
5068,4.0,759,761,ggg,Good,8,2017-01-29 20:00:25.409526,d79dfd7857cc923493f1d7e34186cf7e04ec9d41
9383,1.0,1288,1286,hhh,Like New,23,2017-02-01 07:44:11.495098,6a08d626bc555a03f727670d5b358610a093cfb5
9522,1.0,1257,1257,hhh,Good,28,2017-01-30 07:12:30.084438,64784bedd53258d0152783e812438f26f69da48c
3999,1.0,1217,1214,ddd,Good,20,2017-02-01 04:35:42.327889,76a9e39fc0fb7fefce78c4940c4aa5468c8c8df4
3699,0.0,956,956,eee,Like New,21,2017-02-01 19:11:04.779949,dd2dfa50dc8feca1e5303a87b2c6a42db3ebe102
2320,1.0,1353,1352,kkk,Like New,13,2017-01-30 21:34:04.061619,91d5e6728240dd7edc866732c15a56a934cf0a97
3436,3.0,1274,1273,ddd,Like New,23,2017-01-31 21:59:11.927555,0f23eb04fa3d66bce3cb03de0629ac1b4fd32bbb
4366,0.0,849,848,ggg,Fair,6,2017-01-30 14:07:30.832989,870f1bf229da5eb26e5e5a7c1d69d9451fa7906a
4163,2.0,753,751,ddd,Good,4,2017-01-31 09:06:28.327180,5378c3d8a9417d31d1abdb3da9ffb909420656eb
2439,2.0,983,981,aaa,Good,5,2017-02-03 14:18:22.109843,befa2b19820da7401dbf672069d4af99a040c200
1574,0.0,1089,1087,ddd,Fair,2,2017-01-31 07:23:42.550273,cedf5ccd8253fb636743d0248d10bcc0f11c8edf
7850,2.0,1104,1103,ddd,Good,13,2017-01-31 17:51:29.628060,c6d28f73737fec3883c5b4cebe30bfe12bbe4bf4
9291,1.0,1374,1372,hhh,Good,9,2017-01-31 22:00:58.204886,4b3dd95e69e77efeaa3844fd6f6f6ffc5c3bd3f1
9410,3.0,1332,1332,jjj,Good,9,2017-01-31 23:39:57.451116,b124524c4b1ade45d1deecbcdef614fadb3ec205
5849,1.0,1437,1436,hhh,Like New,6,2017-02-02 01:32:28.461511,76a9e39fc0fb7fefce78c4940c4aa5468c8c8df4
3086,1.0,1445,1443,fff,Good,13,2017-01-31 18:34:19.903100,54c1792c99a96a96a2881600f0cce1d81061e8b8
1724,4.0,1125,1122,ddd,Fair,3,2017-01-29 15:29:16.085166,3b928622f8479780e1593e188d5315edb7d6f786
1531,1.0,1509,2924,aaa,Like New,8,2017-01-28 17:18:33.620139,aa0e9f704b12a27af259750f79b22f99efdb68c5
7604,0.0,1086,1087,eee,Like New,3,2017-02-01 02:28:32.153884,45ce120feaa2c1a2bb53db6c8fb833e58d6bb661
3762,1.0,1315,1315,bbb,Like New,5,2017-01-31 05:35:59.083663,b7553c6080f116f0115b1f080e03484b98292d8b
7625,1.0,1418,1417,eee,Like New,29,2017-01-30 14:16:54.271124,aa0e9f704b12a27af259750f79b22f99efdb68c5
2660,2.0,1087,1087,ccc,Good,4,2017-01-31 05:44:17.999468,b25b748a59d8b6b5b5ae3e9d985289e795c874ed
5387,1.0,994,994,ggg,Good,2,2017-02-02 04:12:34.721183,578d9283ca503d77b707716d16f3ae71036236d2
7243,1.0,1349,1348,ddd,Like New,10,2017-01-31 04:43:34.560403,eeb8f1dbcd3eedab645d5ab893d199d494579bf3
5883,0.0,927,926,ccc,Fair,5,2017-02-02 10:36:41.673325,cedf5ccd8253fb636743d0248d10bcc0f11c8edf
5577,4.0,1028,1028,ccc,Fair,3,2017-01-31 04:00:34.906521,80658c64f144849de7740bf64d7ca5a88ef951b6
5486,1.0,1097,1095,fff,Good,11,2017-01-30 03:30:03.061894,aa0e9f704b12a27af259750f79b22f99efdb68c5
3664,1.0,1014,1011,hhh,Like New,19,2017-01-31 12:55:13.011397,ad5955c8503631249178de05628e1434aad35af0
5707,3.0,1409,1407,aaa,Good,24,2017-02-02 15:03:53.800056,0aec17ce3bff113e1c7c16e9d9dcaf90bf590974
3053,4.0,1043,1041,ddd,Fair,8,2017-01-31 14:33:05.688168,80658c64f144849de7740bf64d7ca5a88ef951b6
9419,2.0,1061,1058,ddd,Good,15,2017-02-01 05:00:01.095250,0cf950b5e4d2ebd7c978c76091ddce6176845697
9445,4.0,1030,1028,aaa,Good,4,2017-01-29 06:07:48.690466,1955bfd4523499c91e72d5c446d0d74cccaa5275
4573,3.0,1184,1183,bbb,Fair,20,2017-02-01 10:21:11.636591,906063f00d2555893e5c32e9249ae185ae689a7b
1745,3.0,1681,1679,fff,Fair,21,2017-02-02 10:24:01.303933,551220deeb362077f5df356bdebaf94f34f93f0c
4196,2.0,1017,1016,hhh,Good,5,2017-01-31 20:02:25.870019,5527e76c85e5b71c6defa5f0099519b1d67b4627
4297,0.0,994,993,ggg,Good,7,2017-01-31 06:43:40.244076,dc1e5e97b303462f6c9a009994f17fb83d9f7624
3246,2.0,875,873,fff,Good,3,2017-01-31 21:28:01.449891,4b3dd95e69e77efeaa3844fd6f6f6ffc5c3bd3f1
1082,0.0,888,888,aaa,Fair,6,2017-02-03 05:57:20.150788,7161a2409087e392cf68559ddac9f1b64b07510c
3657,2.0,1069,1068,jjj,Good,11,2017-01-29 18:29:09.358811,4f221ee9a76b15f3f2737e7344ca4453902fb586
9408,4.0,1010,1010,ddd,Fair,7,2017-01-31 21:43:03.916375,4b7af5bd2d1026517f203f379e660fe2337a3e33
9601,2.0,1038,1038,ddd,Good,8,2017-01-28 21:31:49.747456,fdc01209f90eda589f0453b7e29e0114923ecd8b
8520,4.0,979,977,ggg,Good,5,2017-01-30 23:43:15.999399,7cb3f42379df52fb7c22a44c27399c3177bd99d2
1216,1.0,1224,1224,bbb,Like New,11,2017-02-01 00:52:54.349682,64784bedd53258d0152783e812438f26f69da48c
4339,1.0,1261,1259,kkk,Like New,11,2017-02-03 10:51:05.743839,cad61ca1c4fbad3be96e27e0b1ecd5de3b4d5c25
7584,2.0,1018,1018,kkk,Good,1,2017-01-27 15:10:14.057584,fdc01209f90eda589f0453b7e29e0114923ecd8b
4024,0.0,954,954,kkk,Fair,2,2017-01-30 19:50:19.882536,720280228d832ca4d96e5fd013bddb398998d000
1887,3.0,1177,1176,ddd,Good,42,2017-02-04 00:22:28.584846,83ec73d69436a58d7bd6ba448a17c1aa22d950c8
6200,1.0,1513,1512,eee,Like New,21,2017-01-30 07:40:53.098625,e41c8fd8d6da74a91fc96008280baea77725b5a7
8584,0.0,880,880,eee,Fair,8,2017-02-03 14:57:53.367821,1592af7e76a7114b4f9beea0be4746f59ada13a6
7079,1.0,1298,1297,kkk,Good,10,2017-01-29 23:15:18.844824,f0a3865870d476fd2019497ce810af59b1f3581b
9086,0.0,1274,1273,aaa,Like New,3,2017-02-01 16:51:49.721575,16da813bd551ff6880e9c1bf6ceb03103ef69db4
4967,3.0,1387,1387,ggg,Fair,15,2017-01-31 07:51:27.605906,d79dfd7857cc923493f1d7e34186cf7e04ec9d41
1132,0.0,1024,1022,bbb,Like New,10,2017-01-31 02:35:22.530946,685df181be80ff8d2018d3ff7c61f12c471005d2
7092,0.0,1085,1083,bbb,Fair,10,2017-01-28 12:09:14.841628,dc1e5e97b303462f6c9a009994f17fb83d9f7624
2717,3.0,1150,1151,fff,Fair,51,2017-02-03 06:06:00.173723,d3a3c101936b93dbf9eb710e611c2cf58c806137
5853,1.0,1144,1143,fff,Like New,8,2017-02-01 14:40:39.623352,5527e76c85e5b71c6defa5f0099519b1d67b4627
8369,0.0,906,905,fff,Fair,6,2017-02-02 23:42:35.014855,04b69e5006d308a60f286c6d87138324d3c745c6
3184,2.0,908,906,ccc,Like New,6,2017-02-01 09:02:56.394041,0cf950b5e4d2ebd7c978c76091ddce6176845697
7468,0.0,1124,1123,jjj,Fair,3,2017-01-30 20:57:34.869057,736cca45634b541786a2049311bc717ecbd88d60
8871,0.0,1065,1063,eee,Good,4,2017-02-02 02:51:45.554356,cf7579954ba3792f6a40044c32f28fb62b10863f
3055,0.0,919,919,ggg,Good,2,2017-01-30 16:12:21.189712,8a8ec485492bb9442e4988518bbf5b62ed8501a1
2630,3.0,1160,1159,eee,Fair,35,2017-02-02 10:02:42.245002,0aec17ce3bff113e1c7c16e9d9dcaf90bf590974
9627,4.0,948,948,bbb,Good,5,2017-02-02 16:54:41.532361,dff17a997c0881052e744e1a816ecde7332018a3
9767,1.0,1485,1484,jjj,Like New,5,2017-02-02 17:11:57.208018,6c8e459f96d9cf05e1fac5432df1066b42609e52
6799,2.0,888,886,aaa,Like New,4,2017-01-31 21:43:53.035086,14b21325096dd31c90a39900a910122c4d9fe3d9
6166,1.0,1343,1341,ggg,Good,5,2017-02-01 09:41:45.823323,69981d3a5bbf8a2ba25db9541830318a04450ec5
8659,1.0,1329,1329,fff,Good,8,2017-02-01 14:45:49.874985,5527e76c85e5b71c6defa5f0099519b1d67b4627
2761,0.0,970,969,bbb,Fair,13,2017-01-29 22:45:53.107605,4a4ab45448022f0c738fe9e310148ea1eb7f856b
9844,4.0,1051,1050,bbb,Like New,10,2017-01-29 09:25:24.945514,9bd7909ea32c89f68e82ed0cbe1f30a2e1d72b1c
1236,0.0,977,977,ggg,Good,8,2017-02-02 02:39:58.860772,f673929b7ae05128dd473c556386a7b585483947
9271,0.0,993,992,fff,Fair,5,2017-02-02 08:40:39.253079,cedf5ccd8253fb636743d0248d10bcc0f11c8edf
8563,0.0,975,974,hhh,Fair,11,2017-02-02 17:45:39.235932,6896ddc64ef4051e872b1e3b3b37d25e74f3c335
1368,3.0,1372,1370,ggg,Good,22,2017-02-03 04:10:08.659906,d3a3c101936b93dbf9eb710e611c2cf58c806137
3078,2.0,1019,1018,jjj,Good,5,2017-01-31 17:19:15.322774,4f221ee9a76b15f3f2737e7344ca4453902fb586
6061,1.0,1383,1384,hhh,Like New,2,2017-02-01 05:18:48.316528,1c602ebc50cdb2284e1383ee41edcfe2344b11b5
2854,1.0,1577,1577,kkk,Good,9,2017-01-30 20:45:45.767836,4b3dd95e69e77efeaa3844fd6f6f6ffc5c3bd3f1
6088,4.0,787,787,eee,Fair,3,2017-01-31 13:24:53.950209,9bd7909ea32c89f68e82ed0cbe1f30a2e1d72b1c
5435,0.0,1034,1033,bbb,Good,0,2017-02-02 07:39:37.006053,870f1bf229da5eb26e5e5a7c1d69d9451fa7906a
3082,3.0,1076,1076,ggg,Fair,9,2017-02-01 11:05:30.392396,906063f00d2555893e5c32e9249ae185ae689a7b
6768,2.0,956,953,bbb,Like New,1,2017-01-31 22:24:18.788513,831376f92ed066e803751a5a0c0ecd90a104915a
5549,4.0,1067,1067,eee,Fair,10,2017-01-31 23:21:53.817043,93e35532e8c27da7267d6a073da0d909da11a4ed
6465,1.0,1491,1490,kkk,Fair,19,2017-01-30 04:12:31.825694,4b3dd95e69e77efeaa3844fd6f6f6ffc5c3bd3f1
2745,0.0,965,964,bbb,Fair,6,2017-02-02 23:35:11.799004,00fd4b4549a1094aae926ef62e9dbd3cdcc2e456
9596,3.0,1246,1243,hhh,Good,7,2017-02-01 19:43:40.279663,83ec73d69436a58d7bd6ba448a17c1aa22d950c8
3171,2.0,1013,1012,ddd,Fair,2,2017-01-30 21:45:39.549053,4b19229e380e9ca29673fdb967fd09cdcf4b5b44
7313,1.0,1065,1065,hhh,Like New,13,2017-02-01 17:43:42.378790,6c8e459f96d9cf05e1fac5432df1066b42609e52
7525,0.0,933,931,ddd,Fair,2,2017-02-01 00:47:05.599949,1592af7e76a7114b4f9beea0be4746f59ada13a6
3863,0.0,1048,1046,bbb,Fair,6,2017-02-02 12:27:05.786864,ff33a8f10515011cba0d191ae58f7f9a4dd7a3e1
7677,0.0,1027,1026,ggg,Good,7,2017-01-31 08:26:46.896969,17cc4efa7bf7d9e63c99683dd9d8f53590b8fbf5
8614,2.0,856,856,jjj,Like New,7,2017-02-01 07:22:47.177095,ca59bcd3da4daac52f3fcfdc0ab963f65cf421bc
7601,3.0,1356,1355,eee,Good,17,2017-02-03 13:23:54.156912,83ec73d69436a58d7bd6ba448a17c1aa22d950c8
8568,2.0,918,919,eee,Good,3,2017-02-01 14:17:56.382776,8d25b4c973c5dafa021036664b080a79e0bb69a0
1062,0.0,1161,1160,aaa,Good,10,2017-02-03 13:19:39.455948,070dafcb55881e67b7fce04cfb94faa33639b865
4543,2.0,1032,1029,ddd,Good,5,2017-01-31 07:56:08.977915,fdc01209f90eda589f0453b7e29e0114923ecd8b
4316,3.0,1130,1127,ddd,Fair,32,2017-02-01 14:06:50.884982,83ec73d69436a58d7bd6ba448a17c1aa22d950c8
8847,0.0,1077,1076,ccc,Fair,10,2017-02-01 16:17:09.003628,5bbd5046c9b461ca6f1549f3f39c240a9c5702f9
3928,3.0,1314,1311,hhh,Fair,19,2017-02-05 01:29:36.222430,ca59bcd3da4daac52f3fcfdc0ab963f65cf421bc
4619,4.0,1106,1105,eee,Good,4,2017-01-29 22:09:55.817717,a6990ed96e2c5acac92acdcc3f83ba4e2893ad76
8533,2.0,1093,1093,fff,Like New,4,2017-02-01 07:09:57.052334,a874f83e95a94266c7d2856a7cbb42ee5af2e01a
4541,2.0,1145,1143,jjj,Like New,0,2017-01-31 13:35:23.107273,befa2b19820da7401dbf672069d4af99a040c200
1999,0.0,904,902,ddd,Good,2,2017-02-02 05:31:39.084838,ef9cb1abfdb1d45bb08bd2742f179591c8266187
8208,0.0,1058,1058,aaa,Good,4,2017-02-02 04:32:25.294913,259fe583ddd64df1efa6b2cbf7a1afae427cfa5d
5294,2.0,993,992,kkk,Fair,12,2017-01-30 21:30:40.504120,715e82fa3b623c04f4eb343985dbbe7555a0be99
5715,0.0,1052,1051,eee,Fair,1,2017-02-03 07:32:53.380199,2e5a616a2cb3b91852eafe6c9f29c186cc2efd2e
7809,4.0,869,868,ddd,Fair,5,2017-01-31 11:54:17.844329,30b601f0cbe127b082649fe6fcd93fa86c798107
8807,1.0,1326,1325,jjj,Like New,14,2017-02-02 18:51:27.783224,2b9a620b52d24fbdc2b34fb350a34367af53f3c8
7302,3.0,824,823,kkk,Good,19,2017-02-02 16:53:10.151121,0f23eb04fa3d66bce3cb03de0629ac1b4fd32bbb
3529,2.0,1150,1147,bbb,Good,11,2017-01-30 23:36:31.797981,0104cf3b45056589309effd4d0889e430018b490
3101,1.0,1429,1428,kkk,Fair,27,2017-02-02 14:59:40.638730,e41c8fd8d6da74a91fc96008280baea77725b5a7
9854,2.0,869,868,aaa,Good,7,2017-02-02 21:31:57.838146,789ef3d6e1196152c1e7ccadc639c306254a305e
4858,0.0,845,843,bbb,Fair,8,2017-02-03 05:48:39.630619,04b69e5006d308a60f286c6d87138324d3c745c6
3328,1.0,1414,1414,ddd,Fair,26,2017-02-01 18:22:23.874381,081be7c370bf9e7b4c6e696276c1b2d57623b26b
5242,2.0,971,969,ddd,Like New,2,2017-01-31 22:57:23.242225,05fa2de99c48086b28d6e7a491a75f6f313af79d
9822,2.0,1114,1113,kkk,Fair,14,2017-01-28 13:25:58.179629,4b19229e380e9ca29673fdb967fd09cdcf4b5b44
4384,0.0,796,795,eee,Like New,2,2017-02-02 11:03:18.583549,23a63310b8e95a3702b44b2f22f3248de1561e88
5120,0.0,975,973,eee,Good,6,2017-02-03 04:31:50.482979,e83f7664870c1105727dd99353d0bfa01b2450b5
1798,0.0,915,916,kkk,Good,5,2017-02-01 06:42:25.136385,1c90b882d4ac9c7d95d597bd8b37e3bfa36aec00
3861,1.0,1326,1324,eee,Like New,6,2017-01-28 10:18:44.416478,aa0e9f704b12a27af259750f79b22f99efdb68c5
6727,4.0,928,928,hhh,Good,7,2017-01-31 22:16:26.141980,7cb3f42379df52fb7c22a44c27399c3177bd99d2
1606,0.0,805,803,eee,Fair,5,2017-01-29 19:53:19.115113,4a4ab45448022f0c738fe9e310148ea1eb7f856b
2008,4.0,933,932,aaa,Good,4,2017-01-29 09:27:51.544175,a6990ed96e2c5acac92acdcc3f83ba4e2893ad76
4153,0.0,1113,1113,fff,Like New,7,2017-02-01 09:50:54.980821,25c65868b540200530fe4d75eb95a9a92c0c76ce
6819,4.0,646,645,ccc,Good,12,2017-01-29 12:18:14.980286,80658c64f144849de7740bf64d7ca5a88ef951b6
2989,4.0,1056,1055,eee,Like New,9,2017-01-31 06:25:51.504102,282c0a20f0520a152c89d8c0489426c0668ca495
9886,2.0,899,898,bbb,Like New,5,2017-02-01 03:31:48.720229,97e3d7dde9cfe479809108e9e82145a7912a08a2
8359,2.0,906,906,kkk,Like New,11,2017-02-02 03:47:38.458413,de81d9d9c77a733524fab8bcc691f1ebd5a69f6e
3519,4.0,902,900,ccc,Fair,5,2017-01-30 23:57:11.162893,54f9c5db018042c5624c67dc1de588c11164e3ac
7479,2.0,900,899,kkk,Good,3,2017-02-02 11:08:52.331569,1eb904b6d0c2a41af59e2d1fdd0e10624d94c81a
5023,0.0,890,889,kkk,Fair,11,2017-01-30 20:36:16.306688,aa0e9f704b12a27af259750f79b22f99efdb68c5
2771,2.0,1132,1131,aaa,Good,13,2017-02-02 06:39:12.001888,8d25b4c973c5dafa021036664b080a79e0bb69a0
3949,0.0,1133,1130,fff,Like New,4,2017-02-01 00:05:35.310308,1966e694bad90686516f99cdf432800fdca39290
1109,1.0,1142,1142,ccc,Good,11,2017-01-30 03:21:18.139226,566ee6d19fef04459d959b08349d6c07b3a309a2
8457,0.0,1178,1176,aaa,Like New,1,2017-02-02 19:04:17.536258,dff17a997c0881052e744e1a816ecde7332018a3
4570,0.0,799,797,ccc,Like New,13,2017-02-01 05:59:42.744240,9f6bf828c80134b8d3e07b058045fba6acd4e9ac
5350,0.0,1049,1047,aaa,Good,11,2017-02-02 00:09:51.883188,1592af7e76a7114b4f9beea0be4746f59ada13a6
3111,1.0,1432,1429,kkk,Like New,22,2017-02-03 20:51:10.105473,2b348a807fba80c79943ffd86758097907a6af79
3647,0.0,931,931,fff,Fair,5,2017-01-30 18:43:49.521721,0fb0a8a62cbe899f9c109e5ccf6d5f3b35e33f38
9869,4.0,990,989,aaa,Good,10,2017-01-31 16:24:14.132705,fee8346a5a401a9c314846811346613d2ddf998c
5347,0.0,982,981,fff,Fair,6,2017-02-01 21:33:59.455299,870f1bf229da5eb26e5e5a7c1d69d9451fa7906a
9688,0.0,942,941,ccc,Fair,5,2017-02-03 17:27:23.442539,6896ddc64ef4051e872b1e3b3b37d25e74f3c335
1051,2.0,903,900,aaa,Good,8,2017-01-30 04:34:39.941731,5378c3d8a9417d31d1abdb3da9ffb909420656eb
5192,3.0,1318,1316,hhh,Good,7,2017-02-03 17:56:57.148959,9d9859ef101e69d0b68952447676060a3591dc47
1308,3.0,1437,1434,hhh,Good,33,2017-02-02 04:12:43.591908,d27c5a6872d7c57d29ef416866e2aa92eae10018
5877,0.0,1018,1018,ddd,Good,11,2017-02-02 05:41:12.811986,8554fe9ee0ed24d97cc3b500a33d4320c0fcd5a3
8702,0.0,859,857,bbb,Like New,0,2017-01-31 08:04:22.507210,0477d720adf7c715b04850723531a5fb1bc5334b
9588,2.0,1031,1028,ggg,Fair,3,2017-01-30 16:22:39.044913,619b7f2c7440776e5362a04735de28763ff332d8
9337,3.0,1674,1673,fff,Fair,14,2017-02-01 16:53:49.000544,8350495d0f4c30922ea04e171519892a303ea929
2371,0.0,991,990,bbb,Good,2,2017-02-01 10:12:38.177217,04b69e5006d308a60f286c6d87138324d3c745c6
5488,0.0,924,922,fff,Fair,14,2017-02-01 22:21:54.409399,259fe583ddd64df1efa6b2cbf7a1afae427cfa5d
7319,4.0,980,978,fff,Good,3,2017-01-31 11:05:01.301673,a6990ed96e2c5acac92acdcc3f83ba4e2893ad76
6132,3.0,1655,1654,ggg,Fair,8,2017-02-01 20:39:12.128042,1f6ae7aaf57c91eff8b09946b2fdf0abd67ac2cf
9016,2.0,1017,1016,fff,Good,5,2017-01-31 10:34:26.724721,4b19229e380e9ca29673fdb967fd09cdcf4b5b44
7672,1.0,1344,1341,fff,Fair,26,2017-01-31 09:01:52.411710,2e5a616a2cb3b91852eafe6c9f29c186cc2efd2e
5236,2.0,971,970,ddd,Good,2,2017-02-03 05:39:22.869963,8d4f80df0d37819cde3e3d2bb9982d111ebac97c
7493,4.0,1050,1049,fff,Fair,2,2017-01-30 11:07:50.535847,1955bfd4523499c91e72d5c446d0d74cccaa5275
8965,0.0,1051,1051,ccc,Like New,5,2017-02-01 12:30:09.568270,d9935e84bd763cd4b8be14cb7861f1266f659f31
1156,1.0,1230,1228,jjj,Good,5,2017-02-01 03:52:30.120083,23e24d90c6975b633f20329226281e642e52ab03
4480,2.0,989,988,jjj,Good,7,2017-01-30 15:48:09.387131,02ef6a4d5e9b6440ee4513baf40746cb8e872fe4
6021,1.0,1579,1578,ddd,Good,18,2017-01-30 17:04:43.208384,91d5e6728240dd7edc866732c15a56a934cf0a97
6117,0.0,945,944,ccc,Fair,9,2017-01-30 11:55:13.300255,1ff73fddc94ef96b107787b28b5a5c931b3c761b
3151,4.0,1107,1108,bbb,Like New,4,2017-01-29 02:56:05.070144,9b42c60dfb2b5a8e1c588b0ec793752aa4f299f3
4601,2.0,1050,1048,fff,Like New,2,2017-02-02 09:22:20.370302,27b37cbcd1da7b04f8f78c990fe964c5804e0506
4877,4.0,933,932,aaa,Fair,4,2017-02-01 04:53:41.869504,93e35532e8c27da7267d6a073da0d909da11a4ed
7595,2.0,1126,1125,kkk,Like New,3,2017-01-30 19:19:47.493567,3ac0b1284201deeda8488a82e2b9b8c11e5d51b4
6685,0.0,1140,1140,kkk,Fair,6,2017-01-31 14:04:46.390040,0fb0a8a62cbe899f9c109e5ccf6d5f3b35e33f38
8534,2.0,1014,1014,ddd,Good,14,2017-02-01 22:14:01.339395,3ac0b1284201deeda8488a82e2b9b8c11e5d51b4
7145,3.0,1034,1034,hhh,Like New,14,2017-02-01 04:08:31.748403,827ac818d422f57b93682a8478afa2d4f026513d
3639,0.0,962,960,fff,Fair,2,2017-01-31 18:43:36.257291,3ca192bd7558780793444f73366c58d60c9d7775
5438,1.0,1125,1123,ggg,Like New,17,2017-02-01 08:13:08.910794,9587915e367335b4e286dbc435585857db78c0c5
2410,1.0,1181,1181,jjj,Good,13,2017-02-02 22:41:23.680727,dc543d2abbb092d676b4e412354e0d2e0d7bf91b
8092,0.0,912,910,ddd,Like New,9,2017-01-31 16:38:48.414646,685df181be80ff8d2018d3ff7c61f12c471005d2
1839,4.0,860,860,ggg,Fair,3,2017-02-01 02:11:45.444946,d79dfd7857cc923493f1d7e34186cf7e04ec9d41
7615,3.0,1260,1258,kkk,Good,31,2017-02-03 15:06:57.566688,827ac818d422f57b93682a8478afa2d4f026513d
6483,1.0,1212,1211,hhh,Like New,12,2017-02-02 04:53:38.546642,dc543d2abbb092d676b4e412354e0d2e0d7bf91b
4803,2.0,653,652,jjj,Good,2,2017-02-01 02:59:43.422392,4f221ee9a76b15f3f2737e7344ca4453902fb586
7952,1.0,1053,1051,hhh,Good,17,2017-02-02 09:29:00.431280,9587915e367335b4e286dbc435585857db78c0c5
8450,2.0,1131,1129,ggg,Like New,1,2017-01-29 01:25:38.000767,fdc01209f90eda589f0453b7e29e0114923ecd8b
2333,4.0,746,747,aaa,Fair,4,2017-01-30 09:18:51.197628,9bd7909ea32c89f68e82ed0cbe1f30a2e1d72b1c
2667,0.0,985,984,eee,Fair,8,2017-02-03 22:39:54.523910,2e5a616a2cb3b91852eafe6c9f29c186cc2efd2e
7437,0.0,872,872,ddd,Fair,6,2017-01-28 15:38:46.489208,736cca45634b541786a2049311bc717ecbd88d60
9035,0.0,1060,1060,ddd,Fair,9,2017-01-30 18:25:24.932254,f8997252c6e5ae3d950b736e1a81160a2e937a7f
2034,1.0,1271,1271,hhh,Like New,6,2017-02-02 01:07:20.143138,69981d3a5bbf8a2ba25db9541830318a04450ec5
6435,4.0,900,899,eee,Fair,0,2017-02-01 19:05:13.679934,1955bfd4523499c91e72d5c446d0d74cccaa5275
8732,0.0,1048,1046,ddd,Fair,13,2017-02-03 00:26:38.486737,1ccacea16652f70da4bfc9232ee20176fe1dc596
8440,3.0,1545,3161,kkk,Good,33,2017-02-02 02:16:09.517952,906063f00d2555893e5c32e9249ae185ae689a7b
5128,2.0,1009,1006,jjj,Fair,3,2017-01-30 19:12:05.047292,be69557045e8d95f6c5bc62bea729b2e4bc50a7c
1968,1.0,1269,1269,fff,Like New,15,2017-01-30 19:32:04.822107,f0a3865870d476fd2019497ce810af59b1f3581b
2258,1.0,1321,1319,eee,Like New,16,2017-01-31 16:03:05.113631,6a08d626bc555a03f727670d5b358610a093cfb5
6963,0.0,1114,1114,bbb,Good,3,2017-02-03 21:34:47.244857,0284938375fd54f17c4331b8ef9f686bfbda02c3
5830,4.0,1023,1023,aaa,Good,7,2017-01-30 23:03:38.677228,4b7af5bd2d1026517f203f379e660fe2337a3e33
3318,3.0,1239,1239,aaa,Good,21,2017-02-03 02:22:15.045704,0aec17ce3bff113e1c7c16e9d9dcaf90bf590974
5775,0.0,958,958,ddd,Good,12,2017-01-31 01:01:22.578804,f8997252c6e5ae3d950b736e1a81160a2e937a7f
5992,0.0,939,938,fff,Good,2,2017-02-01 18:15:23.927701,45ce120feaa2c1a2bb53db6c8fb833e58d6bb661
1379,0.0,985,983,ddd,Fair,1,2017-02-01 03:24:57.072018,e83f7664870c1105727dd99353d0bfa01b2450b5
5637,1.0,1333,1332,bbb,Good,17,2017-01-29 21:11:21.247831,e41c8fd8d6da74a91fc96008280baea77725b5a7
5661,4.0,1043,1043,eee,Fair,12,2017-02-02 15:11:28.846513,80658c64f144849de7740bf64d7ca5a88ef951b6
8327,1.0,1285,1285,hhh,Like New,9,2017-02-01 15:49:19.813245,69981d3a5bbf8a2ba25db9541830318a04450ec5
1138,2.0,985,985,hhh,Like New,8,2017-01-29 01:14:11.178545,3ac0b1284201deeda8488a82e2b9b8c11e5d51b4
4544,2.0,1081,1081,bbb,Good,7,2017-01-31 23:27:02.048238,789ef3d6e1196152c1e7ccadc639c306254a305e
6274,0.0,931,930,ggg,Good,6,2017-01-31 17:52:43.777555,ba5bfc9d29e57bda5c45cf82d9fff043329f313a
7737,2.0,1053,1053,aaa,Good,5,2017-02-01 08:03:27.493025,a874f83e95a94266c7d2856a7cbb42ee5af2e01a
7417,0.0,1067,1065,aaa,Fair,6,2017-02-03 02:23:30.969400,cf7579954ba3792f6a40044c32f28fb62b10863f
3063,4.0,941,940,ccc,Good,7,2017-01-30 02:00:41.309407,54f9c5db018042c5624c67dc1de588c11164e3ac
3361,0.0,1096,1097,bbb,Like New,1,2017-02-01 02:16:25.575032,2e2f7b99fbabb51ec37d8f54b164f309b2a6fc36
9341,4.0,1190,1187,eee,Like New,7,2017-01-31 19:54:32.949095,9b42c60dfb2b5a8e1c588b0ec793752aa4f299f3
8756,4.0,1048,1045,eee,Fair,6,2017-01-30 13:46:13.753870,54f9c5db018042c5624c67dc1de588c11164e3ac
9928,0.0,1323,1322,ggg,Good,6,2017-02-01 18:35:28.137568,8d8ebea7b076c177ecd21e2d0d7e52fa74c48f3c
9185,3.0,1185,1184,ggg,Good,16,2017-02-04 13:19:26.496536,9d9859ef101e69d0b68952447676060a3591dc47
7876,2.0,852,851,bbb,Like New,7,2017-02-03 22:23:30.065479,27b37cbcd1da7b04f8f78c990fe964c5804e0506
8979,2.0,755,755,kkk,Fair,3,2017-01-31 08:06:50.833435,4b3dd95e69e77efeaa3844fd6f6f6ffc5c3bd3f1
6899,2.0,877,878,kkk,Good,1,2017-01-30 10:59:34.522333,3ac0b1284201deeda8488a82e2b9b8c11e5d51b4
2956,0.0,1062,1061,bbb,Fair,0,2017-02-02 15:23:31.093158,04b69e5006d308a60f286c6d87138324d3c745c6
5442,4.0,800,799,ddd,Fair,3,2017-01-31 17:12:05.330173,d27c5a6872d7c57d29ef416866e2aa92eae10018
5390,0.0,924,924,bbb,Fair,12,2017-02-03 08:28:00.421465,7161a2409087e392cf68559ddac9f1b64b07510c
4155,4.0,898,898,hhh,Good,2,2017-02-02 10:52:23.989552,e9a20a4af61c91b0232679bc583058b278fb2926
4600,1.0,1303,1301,fff,Good,8,2017-01-31 07:13:26.736800,5527e76c85e5b71c6defa5f0099519b1d67b4627
4190,2.0,891,890,eee,Like New,2,2017-02-02 14:02:45.846887,8d4f80df0d37819cde3e3d2bb9982d111ebac97c
6082,1.0,1205,1203,jjj,Good,9,2017-01-31 04:00:56.489939,6a08d626bc555a03f727670d5b358610a093cfb5
9053,0.0,842,842,fff,Fair,3,2017-02-01 12:35:03.178644,cf7579954ba3792f6a40044c32f28fb62b10863f
8038,3.0,1531,1530,eee,Good,25,2017-02-03 04:24:20.308701,906063f00d2555893e5c32e9249ae185ae689a7b
9978,1.0,1397,1396,jjj,Like New,12,2017-01-30 06:33:55.020580,91d5e6728240dd7edc866732c15a56a934cf0a97
2150,2.0,964,963,aaa,Like New,4,2017-02-03 11:02:30.312553,07f97cc68eebf81afcd32f6fc0aad7e1f17e0c00
4388,1.0,1535,1533,fff,Good,30,2017-01-30 21:13:23.598965,be98fbb5fef1a2a7ce8be317fcbce6b1912024c3
4193,0.0,1019,1018,jjj,Fair,7,2017-01-29 12:30:08.692007,4a4ab45448022f0c738fe9e310148ea1eb7f856b
2237,1.0,1156,1155,kkk,Like New,9,2017-01-31 10:42:44.007478,6a08d626bc555a03f727670d5b358610a093cfb5
9580,0.0,1114,1113,jjj,Good,8,2017-01-31 16:01:40.894893,736cca45634b541786a2049311bc717ecbd88d60
5034,3.0,1249,1248,ggg,Good,19,2017-02-01 14:16:00.676572,6c8e459f96d9cf05e1fac5432df1066b42609e52
7011,0.0,975,974,bbb,Like New,14,2017-02-01 23:08:55.647417,f673929b7ae05128dd473c556386a7b585483947
9056,1.0,1153,1151,kkk,Good,33,2017-02-03 23:51:43.408405,f69e508a40c73a21d4d2b63aaa03339fe7dbd165
9958,4.0,1083,1083,bbb,Like New,2,2017-01-30 04:35:40.258650,2f70e239c7a5d80384275be451075e4cb7125e9e
3828,2.0,941,939,ddd,Like New,1,2017-02-02 02:53:26.459781,715e82fa3b623c04f4eb343985dbbe7555a0be99
2702,0.0,1235,1235,ccc,Fair,14,2017-01-29 15:51:20.064037,aa0e9f704b12a27af259750f79b22f99efdb68c5
5410,1.0,1391,1392,ddd,Good,9,2017-02-01 05:36:40.905603,415d2e4353963c539961c46ad289844f4093ba96
9440,1.0,1359,1359,ddd,Good,11,2017-01-31 05:41:30.150054,4b3dd95e69e77efeaa3844fd6f6f6ffc5c3bd3f1
6726,4.0,1098,1098,eee,Good,10,2017-01-31 23:39:02.480794,80658c64f144849de7740bf64d7ca5a88ef951b6
9870,1.0,1319,1318,kkk,Like New,19,2017-01-31 11:49:54.079672,23e24d90c6975b633f20329226281e642e52ab03
6100,1.0,1067,1067,ddd,Like New,6,2017-01-31 14:04:47.196508,eeb8f1dbcd3eedab645d5ab893d199d494579bf3
1727,1.0,1114,1113,kkk,Good,23,2017-01-31 02:24:18.311075,6a08d626bc555a03f727670d5b358610a093cfb5
5264,2.0,1060,1059,aaa,Like New,3,2017-02-01 22:03:58.849357,befa2b19820da7401dbf672069d4af99a040c200
6848,2.0,1206,1204,hhh,Good,3,2017-01-31 13:53:10.602526,619b7f2c7440776e5362a04735de28763ff332d8
3279,3.0,1152,1150,bbb,Good,7,2017-02-02 20:15:54.130189,d79dfd7857cc923493f1d7e34186cf7e04ec9d41
2730,1.0,1058,1056,ccc,Good,19,2017-01-30 19:04:20.070654,2b669c9296380e84b1308058c9c5e6917a9510e9
6508,2.0,830,828,ddd,Good,2,2017-02-01 05:11:09.376391,d3a3c101936b93dbf9eb710e611c2cf58c806137
4112,2.0,850,850,fff,Like New,14,2017-02-01 02:58:49.481464,789ef3d6e1196152c1e7ccadc639c306254a305e
8573,0.0,1064,1064,jjj,Good,8,2017-02-01 01:40:52.610289,aa0e9f704b12a27af259750f79b22f99efdb68c5
4052,2.0,1074,1073,hhh,Like New,2,2017-01-30 02:33:04.769450,87a58831a3f052f220a9e6dff87a7cad0d1052ab
3603,4.0,1107,1104,aaa,Fair,11,2017-02-02 04:05:39.600670,80658c64f144849de7740bf64d7ca5a88ef951b6
2303,0.0,1069,1068,ggg,Good,9,2017-02-01 13:09:10.260202,1ff73fddc94ef96b107787b28b5a5c931b3c761b
1068,1.0,1061,1059,jjj,Like New,12,2017-02-02 09:02:35.640014,99d746fce4f09b8397f84131b830a865ab4308e1
8862,1.0,1102,1099,jjj,Good,6,2017-02-02 14:34:23.309426,1c602ebc50cdb2284e1383ee41edcfe2344b11b5
5038,3.0,1179,1177,hhh,Fair,14,2017-02-01 00:19:40.683031,b124524c4b1ade45d1deecbcdef614fadb3ec205
3734,1.0,1223,1222,bbb,Like New,25,2017-01-30 11:35:17.526508,a739eb585292be58c99962fd287acafb1a459b72
5921,1.0,1232,1231,aaa,Like New,10,2017-01-30 02:46:36.729688,5527e76c85e5b71c6defa5f0099519b1d67b4627
5727,0.0,864,860,jjj,Fair,3,2017-01-30 22:49:12.751984,1ff73fddc94ef96b107787b28b5a5c931b3c761b
3019,0.0,1157,1155,jjj,Fair,3,2017-01-29 19:45:09.573286,4080612570be15e797c5dae4449e556f77faa2fa
7495,2.0,1048,1047,ddd,Like New,5,2017-01-31 01:47:56.995260,9bda887d240782244c93a03f3cf7f2727c71daf5
3401,0.0,854,853,ccc,Good,0,2017-01-31 19:50:56.440499,04b69e5006d308a60f286c6d87138324d3c745c6
1818,4.0,1133,1133,fff,Like New,10,2017-01-29 15:04:20.797724,533958a2148aa8a3466fa3a8340d51e28294f41d
2709,0.0,1011,1008,jjj,Fair,5,2017-01-31 02:55:38.077698,1c90b882d4ac9c7d95d597bd8b37e3bfa36aec00
3951,1.0,1495,1494,ccc,Good,16,2017-01-30 07:14:55.559088,54164c3db2c5171b138c809d3cbe7a6637c31cbf
8452,0.0,975,973,kkk,Fair,10,2017-01-30 07:49:30.295824,f8997252c6e5ae3d950b736e1a81160a2e937a7f
4233,0.0,1069,1067,ccc,Fair,1,2017-02-01 16:28:31.549000,5bbd5046c9b461ca6f1549f3f39c240a9c5702f9
6593,1.0,1175,1175,ccc,Like New,25,2017-01-30 00:17:11.285301,6a08d626bc555a03f727670d5b358610a093cfb5
5063,0.0,899,899,ggg,Good,3,2017-01-30 17:40:13.900372,02ef6a4d5e9b6440ee4513baf40746cb8e872fe4
2474,3.0,1311,1310,eee,Fair,17,2017-01-31 13:50:15.041431,8350495d0f4c30922ea04e171519892a303ea929
9952,1.0,1201,1202,jjj,Like New,23,2017-02-02 08:10:33.724924,418e19155782fc7f12ced8332c8ed025aec227a5
5564,0.0,997,996,ddd,Good,9,2017-01-31 11:16:18.331398,4080612570be15e797c5dae4449e556f77faa2fa
1918,2.0,905,902,eee,Like New,4,2017-02-01 12:24:40.504838,8d4f80df0d37819cde3e3d2bb9982d111ebac97c
5625,0.0,1051,1051,jjj,Good,5,2017-02-01 23:28:52.373997,e194ee413805ba5a6aabf4d34db2066149dc0369
5579,0.0,946,944,ccc,Fair,3,2017-02-02 06:15:14.051130,cf7579954ba3792f6a40044c32f28fb62b10863f
8245,0.0,1115,1114,bbb,Fair,11,2017-02-02 04:00:02.069467,cf7579954ba3792f6a40044c32f28fb62b10863f
5979,3.0,1205,2703,ggg,Good,17,2017-01-31 21:12:49.068910,9ae17b153a32567d1646caa8c4010174c30ac349
5041,1.0,1097,1097,jjj,Good,8,2017-01-31 11:25:58.265713,eeb8f1dbcd3eedab645d5ab893d199d494579bf3
8425,2.0,1019,1017,ggg,Good,4,2017-01-29 05:30:32.669476,599e9ef3575ae3622fe4bc5b1b01c3705a7e848c
2597,1.0,1174,1172,aaa,Like New,7,2017-02-02 05:07:27.538361,3d41b7fd29fc9b4ab18b63e1727b59b9eb5df1e2
5478,0.0,996,995,aaa,Fair,3,2017-02-02 19:55:39.653135,2e5a616a2cb3b91852eafe6c9f29c186cc2efd2e
4145,3.0,1344,1343,hhh,Fair,13,2017-02-02 00:22:45.047189,9ae17b153a32567d1646caa8c4010174c30ac349
9838,2.0,1108,1107,jjj,Good,8,2017-01-29 21:04:23.234547,709c7dbb3799c8cc779706c907513661df268cbc
2331,0.0,1087,1085,ggg,Fair,13,2017-02-01 19:28:15.594667,f673929b7ae05128dd473c556386a7b585483947
5861,4.0,745,744,ddd,Good,12,2017-02-01 01:53:09.031938,9b42c60dfb2b5a8e1c588b0ec793752aa4f299f3
2361,3.0,1600,2557,eee,Like New,16,2017-02-02 13:26:13.186558,17cc4efa7bf7d9e63c99683dd9d8f53590b8fbf5
1592,0.0,1057,1058,kkk,Fair,2,2017-01-30 00:51:01.440309,aa0e9f704b12a27af259750f79b22f99efdb68c5
1657,1.0,1296,1295,ddd,Good,9,2017-01-31 21:05:18.014805,23e24d90c6975b633f20329226281e642e52ab03
4905,0.0,1114,1112,hhh,Fair,9,2017-01-29 18:59:41.949228,f8997252c6e5ae3d950b736e1a81160a2e937a7f
8885,2.0,1058,1057,ggg,Good,5,2017-02-01 08:30:16.947271,071819749594ed380380dca6aed0f24e25cc9269
2886,4.0,1034,1034,ggg,Fair,8,2017-02-02 20:13:39.567254,551220deeb362077f5df356bdebaf94f34f93f0c
4621,4.0,1026,1025,ccc,Fair,6,2017-02-01 08:12:48.077182,54f9c5db018042c5624c67dc1de588c11164e3ac
9657,1.0,1321,1321,ggg,Good,10,2017-02-01 15:19:50.487210,6185b6dc968a9507570a4bcf063dd40be8d62989
3689,1.0,1403,1403,kkk,Good,9,2017-01-31 13:03:33.737775,f0a3865870d476fd2019497ce810af59b1f3581b
3765,2.0,1111,1110,kkk,Like New,9,2017-01-31 12:01:41.330977,3ac0b1284201deeda8488a82e2b9b8c11e5d51b4
5328,0.0,1072,1070,aaa,Fair,3,2017-01-29 18:09:00.951010,720280228d832ca4d96e5fd013bddb398998d000
4732,0.0,818,817,ddd,Fair,3,2017-01-30 11:58:14.390578,1ff73fddc94ef96b107787b28b5a5c931b3c761b
7720,3.0,1146,1146,kkk,Good,39,2017-02-02 10:33:15.226839,9d9859ef101e69d0b68952447676060a3591dc47
8927,2.0,947,947,bbb,Like New,5,2017-02-01 00:59:50.026574,0cf950b5e4d2ebd7c978c76091ddce6176845697
7122,1.0,1208,1207,ggg,Like New,7,2017-01-31 11:31:31.228664,ad5955c8503631249178de05628e1434aad35af0
1152,0.0,979,976,ddd,Like New,6,2017-01-31 14:18:10.638234,ab68fc51497db0ca21119091a92e418e8a27984f
2218,1.0,1185,1185,fff,Good,21,2017-02-01 14:16:22.671622,6a08d626bc555a03f727670d5b358610a093cfb5
7007,0.0,1204,1203,ccc,Fair,1,2017-02-01 18:53:25.797039,cedf5ccd8253fb636743d0248d10bcc0f11c8edf
2571,0.0,1160,1160,eee,Like New,4,2017-02-01 19:04:50.133581,d9935e84bd763cd4b8be14cb7861f1266f659f31
3348,0.0,1207,1204,bbb,Good,15,2017-02-03 19:41:53.972123,70b8dcb93382715a55ce5f2a8356ef5636a2d2da
3073,0.0,1185,1182,ggg,Fair,11,2017-01-30 17:17:01.954135,1ff73fddc94ef96b107787b28b5a5c931b3c761b
8572,1.0,1202,1200,ggg,Fair,15,2017-01-30 15:50:15.728715,f8997252c6e5ae3d950b736e1a81160a2e937a7f
2179,0.0,1111,1109,aaa,Good,7,2017-02-01 17:15:16.649768,cedf5ccd8253fb636743d0248d10bcc0f11c8edf
2176,4.0,988,987,fff,Fair,1,2017-01-31 05:01:59.007300,30b601f0cbe127b082649fe6fcd93fa86c798107
9913,1.0,1081,1080,eee,Like New,11,2017-01-28 15:02:59.863879,566ee6d19fef04459d959b08349d6c07b3a309a2
9476,2.0,1040,1039,ggg,Good,0,2017-02-03 15:36:38.274511,3ac0b1284201deeda8488a82e2b9b8c11e5d51b4
8472,0.0,919,918,bbb,Like New,3,2017-02-01 16:09:38.142253,e0f05ed4fd4ffb1af17b55948173bfe2900cefb4
6564,0.0,1090,1090,ccc,Good,9,2017-01-31 15:14:25.256398,e6ba73dc9533e190c71bfc3877414870457f1533
1145,0.0,877,876,hhh,Fair,2,2017-02-02 01:59:21.056948,00e263ff6806064c016a643c6587b0d607a6a42d
5714,1.0,1292,1291,kkk,Good,20,2017-01-30 14:51:58.803316,081be7c370bf9e7b4c6e696276c1b2d57623b26b
5015,2.0,1058,1056,kkk,Fair,1,2017-01-30 11:25:17.966166,c6d28f73737fec3883c5b4cebe30bfe12bbe4bf4
6215,2.0,1063,1063,fff,Good,3,2017-02-02 06:27:11.726449,ec99f53e14fdfe8dbd7ffc6455a4b4cf46e5c609
1465,0.0,975,975,ccc,Fair,3,2017-02-02 16:55:08.635593,8fe39caeac3a30f1f5d796c87c71d3a53d8e8bce
2244,0.0,1007,1006,ddd,Fair,7,2017-01-31 19:43:17.605494,784e9240155834852dff458a730cceb50229df32
5321,3.0,1109,1108,jjj,Like New,10,2017-02-01 19:06:15.801042,ca59bcd3da4daac52f3fcfdc0ab963f65cf421bc
6481,2.0,869,868,ddd,Good,11,2017-02-02 23:48:54.909562,831376f92ed066e803751a5a0c0ecd90a104915a
5250,3.0,1217,1216,kkk,Good,59,2017-02-02 22:06:05.307483,551220deeb362077f5df356bdebaf94f34f93f0c
1878,2.0,883,882,kkk,Like New,4,2017-01-30 06:28:22.988565,3ac0b1284201deeda8488a82e2b9b8c11e5d51b4
5976,0.0,1197,1198,hhh,Good,5,2017-01-31 11:33:22.882874,736cca45634b541786a2049311bc717ecbd88d60
8529,1.0,1437,1436,hhh,Like New,26,2017-01-31 16:50:28.572098,f0a3865870d476fd2019497ce810af59b1f3581b
6795,2.0,943,942,bbb,Like New,6,2017-02-03 02:52:31.796567,789ef3d6e1196152c1e7ccadc639c306254a305e
3342,0.0,840,840,eee,Like New,2,2017-02-01 01:59:44.752147,6ab9e3dd3a09945b25c4ab04a708c23b087fe7e6
3814,1.0,1426,1424,ggg,Good,7,2017-01-31 17:19:13.670472,a8f3809c6de28975c83009f6e2911b81f95e5b5a
1494,2.0,1146,1148,aaa,Good,8,2017-02-03 02:21:00.619157,ec99f53e14fdfe8dbd7ffc6455a4b4cf46e5c609
9450,2.0,795,794,ddd,Good,3,2017-01-31 17:50:26.752487,3c457ce18c2e37a4437e0201076ad638367ef0ea
7597,0.0,1127,1123,jjj,Good,1,2017-01-30 15:25:19.152255,183723726a927563ad46963f2138cc147d04cea0
3242,1.0,1591,1591,eee,Like New,4,2017-02-01 06:20:35.222644,566ee6d19fef04459d959b08349d6c07b3a309a2
1822,0.0,1020,1018,hhh,Good,8,2017-01-31 06:10:37.255447,4a4ab45448022f0c738fe9e310148ea1eb7f856b
9735,0.0,1059,1057,ggg,Fair,3,2017-02-01 15:19:04.467533,2e5a616a2cb3b91852eafe6c9f29c186cc2efd2e
1907,2.0,1000,999,ddd,Like New,1,2017-01-31 20:54:45.798987,05fa2de99c48086b28d6e7a491a75f6f313af79d
8138,4.0,916,916,eee,Like New,5,2017-01-30 23:33:53.960827,e0837d45b42d05c84938a39fde34641ff3bc328d
2938,0.0,1175,1175,ccc,Fair,4,2017-02-01 18:18:47.102531,870f1bf229da5eb26e5e5a7c1d69d9451fa7906a
2624,0.0,1140,1138,bbb,Fair,14,2017-02-02 16:47:24.779735,533958a2148aa8a3466fa3a8340d51e28294f41d
5254,1.0,952,951,ddd,Good,12,2017-02-01 05:04:10.591968,3c19eb2961d9d449e857615c28aa47615562bc87
9599,0.0,862,862,ccc,Good,3,2017-02-01 07:40:32.911274,5bbd5046c9b461ca6f1549f3f39c240a9c5702f9
2305,0.0,900,900,hhh,Fair,0,2017-01-30 11:25:48.658239,720280228d832ca4d96e5fd013bddb398998d000
3530,0.0,889,888,eee,Like New,5,2017-02-02 20:22:14.694433,290448489a06c6a2dc62e82491212444bd6e341f
5860,0.0,1129,1126,jjj,Fair,3,2017-01-30 06:39:31.616414,1ff73fddc94ef96b107787b28b5a5c931b3c761b
5782,2.0,1132,1131,ccc,Like New,6,2017-01-29 09:36:24.716356,1eb904b6d0c2a41af59e2d1fdd0e10624d94c81a
2426,4.0,1117,1116,ccc,Good,3,2017-01-31 01:03:37.745063,316b44139a9742cfca5f9c640c47f008f6b73c1b
6718,2.0,957,958,jjj,Fair,16,2017-01-31 07:23:53.611257,b25b748a59d8b6b5b5ae3e9d985289e795c874ed
7318,0.0,989,988,ggg,Like New,1,2017-01-31 11:36:22.130545,7776f8b9dd913610a9767b419953f947d654c1a7
1718,0.0,903,902,ccc,Like New,6,2017-02-02 02:44:53.346951,54ea9be9d0b2076fa355586c14cc03b84ad13c70
7526,3.0,1002,2817,hhh,Like New,38,2017-01-31 08:02:37.915417,3c457ce18c2e37a4437e0201076ad638367ef0ea
2121,1.0,1450,1449,bbb,Like New,5,2017-01-30 12:46:35.212885,6a08d626bc555a03f727670d5b358610a093cfb5
8780,2.0,1081,1081,ccc,Fair,7,2017-01-29 20:13:00.894314,071819749594ed380380dca6aed0f24e25cc9269
8221,1.0,1095,1094,fff,Good,20,2017-01-30 14:47:58.400603,aa0e9f704b12a27af259750f79b22f99efdb68c5
4428,1.0,1311,2619,jjj,Like New,17,2017-01-31 01:04:27.342521,91d5e6728240dd7edc866732c15a56a934cf0a97
9715,2.0,844,842,ggg,Fair,3,2017-01-29 16:21:56.060541,0104cf3b45056589309effd4d0889e430018b490
4617,2.0,1059,1058,jjj,Good,5,2017-02-01 15:43:15.691985,87a58831a3f052f220a9e6dff87a7cad0d1052ab
7728,0.0,1018,1018,ccc,Fair,4,2017-02-01 18:05:14.964596,3ca192bd7558780793444f73366c58d60c9d7775
9754,2.0,1121,1118,fff,Like New,2,2017-02-02 03:43:35.054849,8d25b4c973c5dafa021036664b080a79e0bb69a0
6612,1.0,1086,1086,aaa,Like New,23,2017-01-30 11:53:33.479128,a8f3809c6de28975c83009f6e2911b81f95e5b5a
9146,4.0,886,886,bbb,Fair,8,2017-01-30 22:48:28.193539,93e35532e8c27da7267d6a073da0d909da11a4ed
9710,2.0,1120,1118,ccc,Like New,3,2017-01-28 09:22:55.395675,3c4840cf1e3a9541b48135f0467d4846df6e2781
8330,4.0,809,809,ggg,Good,2,2017-01-30 07:34:41.345280,2f70e239c7a5d80384275be451075e4cb7125e9e
6641,2.0,1076,1075,ccc,Like New,5,2017-01-30 17:40:03.393535,ec99f53e14fdfe8dbd7ffc6455a4b4cf46e5c609
6287,3.0,1262,2294,ggg,Good,33,2017-02-03 08:40:49.704150,ca59bcd3da4daac52f3fcfdc0ab963f65cf421bc
1192,0.0,891,890,bbb,Fair,3,2017-01-29 02:52:51.167456,f8997252c6e5ae3d950b736e1a81160a2e937a7f
6305,1.0,1421,1419,kkk,Like New,10,2017-01-30 07:39:45.267259,f0a3865870d476fd2019497ce810af59b1f3581b
2509,3.0,1253,1252,fff,Like New,14,2017-02-01 10:57:45.688666,827ac818d422f57b93682a8478afa2d4f026513d
9865,1.0,1040,1038,hhh,Like New,15,2017-02-01 15:00:55.601100,2b669c9296380e84b1308058c9c5e6917a9510e9
7860,0.0,987,987,aaa,Fair,9,2017-02-02 23:45:55.754337,cf7579954ba3792f6a40044c32f28fb62b10863f
2724,2.0,795,793,aaa,Like New,11,2017-02-05 05:59:49.516616,07f97cc68eebf81afcd32f6fc0aad7e1f17e0c00
6316,2.0,1006,1005,ccc,Good,1,2017-01-31 23:16:12.465999,8d25b4c973c5dafa021036664b080a79e0bb69a0
6844,0.0,1116,1116,eee,Good,5,2017-02-03 19:13:54.647015,8a8ec485492bb9442e4988518bbf5b62ed8501a1
4097,2.0,1045,1044,ggg,Like New,9,2017-01-31 13:39:18.782935,87a58831a3f052f220a9e6dff87a7cad0d1052ab
8072,2.0,900,900,ggg,Good,5,2017-01-31 18:20:11.412800,c6d28f73737fec3883c5b4cebe30bfe12bbe4bf4
5031,2.0,990,989,ccc,Like New,2,2017-02-02 07:15:31.066097,27b37cbcd1da7b04f8f78c990fe964c5804e0506
4627,1.0,1279,1277,kkk,Like New,5,2017-02-01 06:27:27.632933,081be7c370bf9e7b4c6e696276c1b2d57623b26b
6106,1.0,1325,1324,jjj,Like New,16,2017-02-02 12:21:13.710157,99d746fce4f09b8397f84131b830a865ab4308e1
1588,0.0,981,981,kkk,Fair,8,2017-01-31 05:55:15.586688,1c90b882d4ac9c7d95d597bd8b37e3bfa36aec00
9491,0.0,1026,1026,kkk,Good,4,2017-01-31 13:32:00.806594,720280228d832ca4d96e5fd013bddb398998d000
2512,2.0,1197,1196,kkk,Fair,5,2017-01-31 17:13:08.255295,0104cf3b45056589309effd4d0889e430018b490
8394,1.0,1391,3181,bbb,Like New,12,2017-01-30 20:11:19.495471,a739eb585292be58c99962fd287acafb1a459b72
2018,0.0,1092,1092,kkk,Fair,6,2017-01-30 00:18:11.798912,f8997252c6e5ae3d950b736e1a81160a2e937a7f
9643,3.0,1461,2821,ggg,Fair,30,2017-02-02 09:33:33.704663,0200320ae3bc247e747ef93e3259bc29ddf53392
9180,4.0,877,877,ggg,Good,8,2017-01-30 11:53:53.892083,566ee6d19fef04459d959b08349d6c07b3a309a2
8799,0.0,877,875,eee,Like New,8,2017-02-02 00:39:06.388908,685df181be80ff8d2018d3ff7c61f12c471005d2
9156,2.0,942,940,ggg,Like New,7,2017-02-02 04:58:12.128164,715e82fa3b623c04f4eb343985dbbe7555a0be99
7515,0.0,935,935,aaa,Like New,6,2017-02-01 11:43:35.273561,5410535eba45bdd70048c12ae294f3caeddbe6ca
8209,4.0,755,754,ccc,Good,13,2017-02-02 09:39:24.064430,e0837d45b42d05c84938a39fde34641ff3bc328d
8707,0.0,1005,1003,fff,Fair,6,2017-02-02 16:27:13.614055,8d8ebea7b076c177ecd21e2d0d7e52fa74c48f3c
8016,0.0,1112,1112,aaa,Good,9,2017-02-03 00:25:09.559224,bca210f878deb70f0575e974e7640fc5b404f4a1
7589,1.0,1178,1180,kkk,Like New,18,2017-02-03 18:02:12.453004,54c1792c99a96a96a2881600f0cce1d81061e8b8
9315,2.0,780,778,bbb,Good,4,2017-02-01 10:07:45.047301,bc4d45844d467b9fbd27dcd0b41fe52d229884c3
6625,2.0,1019,1018,ggg,Like New,2,2017-01-31 02:34:38.347023,f0a3865870d476fd2019497ce810af59b1f3581b
1618,1.0,1101,1101,aaa,Like New,30,2017-02-01 13:29:07.915410,16da813bd551ff6880e9c1bf6ceb03103ef69db4
3161,0.0,906,903,kkk,Fair,9,2017-01-30 02:17:52.147837,dc5a02ad7c6cc4b77e93dc175800619e7e684464
7109,0.0,996,995,ccc,Like New,7,2017-02-01 04:21:46.772975,16da813bd551ff6880e9c1bf6ceb03103ef69db4
4352,4.0,814,811,fff,Fair,10,2017-01-30 07:25:30.845238,d79dfd7857cc923493f1d7e34186cf7e04ec9d41
5362,3.0,1342,1340,ccc,Like New,14,2017-02-02 07:33:24.500661,9bda887d240782244c93a03f3cf7f2727c71daf5
3911,3.0,1551,1552,ggg,Good,12,2017-02-02 12:08:56.472031,83ec73d69436a58d7bd6ba448a17c1aa22d950c8
3629,4.0,961,960,eee,Fair,3,2017-02-01 21:28:25.796934,316b44139a9742cfca5f9c640c47f008f6b73c1b
5460,0.0,1182,1181,ccc,Fair,9,2017-02-02 09:44:53.069844,00fd4b4549a1094aae926ef62e9dbd3cdcc2e456
7317,1.0,944,942,ccc,Fair,18,2017-02-01 23:41:45.247848,ff33a8f10515011cba0d191ae58f7f9a4dd7a3e1
1129,0.0,1135,1134,bbb,Fair,2,2017-02-03 07:22:19.172140,e6ba73dc9533e190c71bfc3877414870457f1533
5696,0.0,1080,1080,fff,Fair,6,2017-02-01 04:35:13.209141,e6ba73dc9533e190c71bfc3877414870457f1533
7872,0.0,933,934,bbb,Fair,4,2017-02-01 22:28:21.021417,5bbd5046c9b461ca6f1549f3f39c240a9c5702f9
3079,0.0,1110,1109,ddd,Good,3,2017-02-02 10:12:46.540868,bca210f878deb70f0575e974e7640fc5b404f4a1
4820,1.0,851,850,kkk,Like New,11,2017-02-04 07:22:38.533432,54c1792c99a96a96a2881600f0cce1d81061e8b8
4373,2.0,1118,1118,hhh,Fair,3,2017-01-30 04:38:07.185354,c6d28f73737fec3883c5b4cebe30bfe12bbe4bf4
2228,4.0,1003,1002,ddd,Fair,3,2017-01-30 09:28:15.505810,93e35532e8c27da7267d6a073da0d909da11a4ed
1626,1.0,947,1645,aaa,Like New,19,2017-02-01 03:34:44.844803,a739eb585292be58c99962fd287acafb1a459b72
2315,4.0,957,956,aaa,Fair,3,2017-01-30 14:51:23.438065,d79dfd7857cc923493f1d7e34186cf7e04ec9d41
2491,3.0,1276,1273,aaa,Fair,26,2017-02-02 02:57:00.026662,8350495d0f4c30922ea04e171519892a303ea929
8383,2.0,1023,1024,fff,Good,6,2017-01-31 12:31:34.122825,02ef6a4d5e9b6440ee4513baf40746cb8e872fe4
6270,2.0,913,912,hhh,Fair,8,2017-02-02 06:37:23.012316,02ef6a4d5e9b6440ee4513baf40746cb8e872fe4
3976,2.0,968,969,kkk,Fair,2,2017-01-31 00:30:29.873485,c6d28f73737fec3883c5b4cebe30bfe12bbe4bf4
8655,1.0,1444,1443,kkk,Like New,8,2017-02-03 06:22:11.090558,2ce518699373ae57c7868a65c4c16d869de5e99b
6665,3.0,1310,1309,hhh,Like New,26,2017-02-01 10:11:18.770547,3c457ce18c2e37a4437e0201076ad638367ef0ea
6730,0.0,969,969,hhh,Good,3,2017-02-01 23:06:04.512117,6b4142e2e97b851a319b0fcab23709b40e3fc19f
8365,1.0,1181,1180,ggg,Good,12,2017-02-01 12:59:54.180149,6b4142e2e97b851a319b0fcab23709b40e3fc19f
8001,0.0,1022,1019,ccc,Fair,8,2017-02-02 13:30:11.308185,5bbd5046c9b461ca6f1549f3f39c240a9c5702f9
9302,0.0,1035,1035,ddd,Good,7,2017-02-01 22:53:30.496928,8b05af0ef2eac32530836bcebd512f38e0beae64
5669,0.0,1015,1015,kkk,Like New,10,2017-02-02 18:46:15.182674,dc1e5e97b303462f6c9a009994f17fb83d9f7624
6466,4.0,750,749,bbb,Good,9,2017-01-29 10:44:47.064618,54f9c5db018042c5624c67dc1de588c11164e3ac
3367,1.0,1310,1309,ccc,Like New,13,2017-01-30 05:18:07.711765,a8f3809c6de28975c83009f6e2911b81f95e5b5a
2690,3.0,1146,1146,ccc,Fair,18,2017-02-01 00:59:39.317278,83ec73d69436a58d7bd6ba448a17c1aa22d950c8
2407,1.0,1145,1144,kkk,Fair,15,2017-02-01 01:07:23.241295,f0a3865870d476fd2019497ce810af59b1f3581b
1451,2.0,931,930,aaa,Good,2,2017-01-31 19:29:06.503436,619b7f2c7440776e5362a04735de28763ff332d8
1645,2.0,862,860,ddd,Good,7,2017-01-31 14:29:58.057541,715e82fa3b623c04f4eb343985dbbe7555a0be99
2070,4.0,718,717,ccc,Fair,5,2017-02-01 03:13:22.602636,0fb0a8a62cbe899f9c109e5ccf6d5f3b35e33f38
6510,0.0,1086,1086,ggg,Fair,6,2017-01-30 16:25:09.092488,720280228d832ca4d96e5fd013bddb398998d000
4699,0.0,1132,1132,fff,Good,4,2017-02-01 11:38:36.711768,f8997252c6e5ae3d950b736e1a81160a2e937a7f
1370,4.0,915,915,eee,Good,6,2017-01-31 13:58:31.744815,3b928622f8479780e1593e188d5315edb7d6f786
6911,4.0,835,832,bbb,Good,7,2017-01-30 13:36:20.950149,d27c5a6872d7c57d29ef416866e2aa92eae10018
7129,1.0,1370,1369,kkk,Like New,11,2017-01-31 06:21:03.225830,ad5955c8503631249178de05628e1434aad35af0
9556,0.0,1086,1084,ccc,Good,5,2017-02-01 19:08:18.523851,3d41b7fd29fc9b4ab18b63e1727b59b9eb5df1e2
8400,0.0,1050,1049,ccc,Fair,5,2017-02-01 15:28:25.038145,ff33a8f10515011cba0d191ae58f7f9a4dd7a3e1
6984,1.0,1081,1081,ggg,Like New,5,2017-02-01 11:10:42.256693,dc543d2abbb092d676b4e412354e0d2e0d7bf91b
7688,0.0,897,895,eee,Like New,10,2017-02-01 16:32:43.856769,17cc4efa7bf7d9e63c99683dd9d8f53590b8fbf5
5583,4.0,684,683,kkk,Like New,1,2017-02-02 12:44:41.752164,282c0a20f0520a152c89d8c0489426c0668ca495
5283,2.0,911,909,aaa,Like New,9,2017-02-01 10:04:36.109608,8d4f80df0d37819cde3e3d2bb9982d111ebac97c
4128,1.0,1303,1303,jjj,Like New,17,2017-02-03 03:19:03.775670,6185b6dc968a9507570a4bcf063dd40be8d62989
8015,3.0,1448,1447,kkk,Like New,16,2017-02-02 03:01:16.292878,ca59bcd3da4daac52f3fcfdc0ab963f65cf421bc
7552,2.0,1001,1001,ggg,Like New,3,2017-01-30 23:45:58.592678,4f221ee9a76b15f3f2737e7344ca4453902fb586
5731,1.0,1382,1382,jjj,Like New,8,2017-02-02 17:27:46.251911,6185b6dc968a9507570a4bcf063dd40be8d62989
3622,0.0,983,982,kkk,Fair,4,2017-01-30 10:43:19.610664,aa0e9f704b12a27af259750f79b22f99efdb68c5
5514,0.0,861,859,bbb,Good,9,2017-01-31 10:03:31.994414,4080612570be15e797c5dae4449e556f77faa2fa
4319,2.0,1188,1188,jjj,Good,10,2017-02-01 07:55:02.563903,3ac0b1284201deeda8488a82e2b9b8c11e5d51b4
8737,0.0,942,940,aaa,Good,3,2017-02-01 09:15:39.669719,2e5a616a2cb3b91852eafe6c9f29c186cc2efd2e
5416,0.0,994,993,ddd,Good,12,2017-01-31 06:18:45.016014,784e9240155834852dff458a730cceb50229df32
4140,0.0,1183,1183,fff,Fair,7,2017-01-29 13:44:19.479694,31e32558fdf2acfa6e47afefa271580600d36202
1426,3.0,1395,1394,kkk,Fair,10,2017-02-02 03:14:33.588042,551220deeb362077f5df356bdebaf94f34f93f0c
4552,3.0,1318,1318,ggg,Fair,11,2017-02-01 11:14:43.483869,9ae17b153a32567d1646caa8c4010174c30ac349
6262,3.0,1191,1191,ccc,Like New,15,2017-01-30 02:21:07.537392,aa0e9f704b12a27af259750f79b22f99efdb68c5
8342,1.0,806,805,ccc,Good,17,2017-01-30 13:44:45.441085,4f2b344c5268b61fb41f14c640aeaf89bb7ae6d7
6814,1.0,1072,1070,ggg,Like New,8,2017-01-30 12:53:29.534962,eeb8f1dbcd3eedab645d5ab893d199d494579bf3
8634,1.0,1584,1584,fff,Like New,25,2017-01-31 09:20:57.938753,4f2b344c5268b61fb41f14c640aeaf89bb7ae6d7
6360,0.0,954,953,fff,Fair,5,2017-02-01 00:55:52.130032,784e9240155834852dff458a730cceb50229df32
2703,2.0,1062,1062,jjj,Good,2,2017-02-02 14:43:19.559633,fdc01209f90eda589f0453b7e29e0114923ecd8b
4146,2.0,1026,1026,bbb,Like New,5,2017-02-01 23:23:11.090707,befa2b19820da7401dbf672069d4af99a040c200
6775,0.0,861,859,ccc,Good,10,2017-02-01 05:19:07.258718,259fe583ddd64df1efa6b2cbf7a1afae427cfa5d
1474,0.0,1077,1075,ccc,Fair,3,2017-02-02 06:20:46.998657,ff33a8f10515011cba0d191ae58f7f9a4dd7a3e1
9547,0.0,940,938,ccc,Good,13,2017-02-01 08:56:05.105379,7161a2409087e392cf68559ddac9f1b64b07510c
9299,2.0,1060,1059,eee,Fair,2,2017-02-02 16:52:01.649592,bab750c63a16012fe1e06fd51c0f4954fb54b098
1619,2.0,1018,1017,bbb,Good,6,2017-02-01 16:17:09.312581,9bda887d240782244c93a03f3cf7f2727c71daf5
1886,1.0,1256,1256,ggg,Good,20,2017-01-31 07:00:38.423757,f0a3865870d476fd2019497ce810af59b1f3581b
5825,2.0,926,924,fff,Like New,10,2017-02-03 03:43:05.269561,831376f92ed066e803751a5a0c0ecd90a104915a
3790,1.0,1296,1295,ggg,Good,5,2017-02-02 02:43:20.062812,2ce518699373ae57c7868a65c4c16d869de5e99b
1977,2.0,992,992,jjj,Good,7,2017-01-31 08:50:36.307325,5527e76c85e5b71c6defa5f0099519b1d67b4627
2643,2.0,903,903,aaa,Good,4,2017-02-02 22:37:01.639204,ec99f53e14fdfe8dbd7ffc6455a4b4cf46e5c609
4720,0.0,1078,1078,ddd,Good,5,2017-02-01 05:36:30.463949,25c65868b540200530fe4d75eb95a9a92c0c76ce
2562,2.0,1045,1045,fff,Good,8,2017-01-31 02:59:07.347609,bc4d45844d467b9fbd27dcd0b41fe52d229884c3
5682,0.0,1042,1041,ccc,Good,6,2017-01-31 20:33:55.555378,04b69e5006d308a60f286c6d87138324d3c745c6
5922,4.0,903,901,ccc,Like New,6,2017-01-29 20:43:43.985507,1955bfd4523499c91e72d5c446d0d74cccaa5275
5282,2.0,902,902,ddd,Like New,14,2017-01-30 05:21:57.528021,709c7dbb3799c8cc779706c907513661df268cbc
8471,3.0,1194,1193,jjj,Good,20,2017-02-04 03:21:38.290713,ca59bcd3da4daac52f3fcfdc0ab963f65cf421bc
1256,0.0,894,892,ccc,Good,4,2017-02-01 01:45:36.853425,1c90b882d4ac9c7d95d597bd8b37e3bfa36aec00
1048,0.0,1042,1041,ccc,Good,3,2017-02-03 18:08:17.372900,929f9640bc8269918a6209919a8e2cc25ec65bf6
1866,1.0,1423,1423,fff,Good,20,2017-01-30 00:14:16.949006,5527e76c85e5b71c6defa5f0099519b1d67b4627
5241,4.0,762,762,ddd,Fair,1,2017-01-31 03:29:53.037186,30b601f0cbe127b082649fe6fcd93fa86c798107
7345,2.0,775,774,hhh,Good,2,2017-02-01 05:54:37.930185,4b19229e380e9ca29673fdb967fd09cdcf4b5b44
2637,0.0,1028,1029,hhh,Fair,6,2017-01-30 13:14:59.082335,dc1e5e97b303462f6c9a009994f17fb83d9f7624
8840,0.0,648,649,hhh,Good,2,2017-01-31 21:01:26.230083,720280228d832ca4d96e5fd013bddb398998d000
2494,4.0,764,764,aaa,Like New,3,2017-01-29 06:05:34.568090,316b44139a9742cfca5f9c640c47f008f6b73c1b
3990,0.0,1042,1042,ccc,Fair,6,2017-01-30 11:42:22.375219,dc5a02ad7c6cc4b77e93dc175800619e7e684464
6926,0.0,1090,1091,kkk,Fair,4,2017-01-30 03:49:04.877647,31e32558fdf2acfa6e47afefa271580600d36202
2086,3.0,1874,1874,kkk,Fair,2,2017-01-30 21:17:00.380798,54164c3db2c5171b138c809d3cbe7a6637c31cbf
2902,0.0,908,906,eee,Like New,6,2017-02-01 18:40:11.928140,6ab9e3dd3a09945b25c4ab04a708c23b087fe7e6
6357,1.0,1360,1357,ccc,Like New,16,2017-01-30 13:06:28.268406,eeb8f1dbcd3eedab645d5ab893d199d494579bf3
6772,3.0,1159,1156,eee,Fair,28,2017-01-30 16:04:22.868628,87a58831a3f052f220a9e6dff87a7cad0d1052ab
2868,1.0,1244,1244,jjj,Like New,15,2017-02-02 16:29:43.823573,69981d3a5bbf8a2ba25db9541830318a04450ec5
6736,1.0,1666,1668,hhh,Like New,12,2017-02-01 19:56:13.385351,54c1792c99a96a96a2881600f0cce1d81061e8b8
2500,3.0,1421,2425,jjj,Good,22,2017-02-01 15:43:35.093104,d3a3c101936b93dbf9eb710e611c2cf58c806137
5753,2.0,1040,1041,bbb,Like New,6,2017-02-02 12:21:01.980768,8d4f80df0d37819cde3e3d2bb9982d111ebac97c
3935,3.0,677,675,hhh,Fair,17,2017-02-02 08:57:12.979568,7c9fe6831f52e30e0ede4f8c54fd9bba673e8d8b
1624,0.0,1018,1017,bbb,Good,2,2017-01-31 20:20:53.375609,4a4ab45448022f0c738fe9e310148ea1eb7f856b
5658,2.0,988,989,ccc,Fair,4,2017-02-01 06:50:12.709928,789ef3d6e1196152c1e7ccadc639c306254a305e
5498,0.0,943,942,aaa,Good,8,2017-02-02 15:58:46.968935,04b69e5006d308a60f286c6d87138324d3c745c6
7701,0.0,1024,1021,eee,Good,4,2017-02-02 12:55:20.120930,fbaacb960902382e4f6c96f2d8f225c24eecadb4
1729,0.0,772,772,ggg,Good,2,2017-01-31 08:44:21.897509,31e32558fdf2acfa6e47afefa271580600d36202
5605,1.0,1506,2657,eee,Like New,13,2017-01-31 03:27:59.267030,aa0e9f704b12a27af259750f79b22f99efdb68c5
8010,3.0,1189,1187,ggg,Like New,10,2017-02-01 01:38:29.141103,0f23eb04fa3d66bce3cb03de0629ac1b4fd32bbb
5677,3.0,1376,1376,ggg,Fair,37,2017-02-01 16:41:14.138160,6c201efaf928c4db315bee1e4002a646d5714f13
6561,4.0,981,982,bbb,Like New,3,2017-01-29 05:27:03.782385,7cb3f42379df52fb7c22a44c27399c3177bd99d2
2732,2.0,933,932,jjj,Like New,0,2017-02-02 04:26:15.743319,bc4d45844d467b9fbd27dcd0b41fe52d229884c3
3793,1.0,1507,1506,aaa,Like New,15,2017-02-01 03:52:36.774697,4f2b344c5268b61fb41f14c640aeaf89bb7ae6d7
2309,1.0,1472,1471,ddd,Good,16,2017-01-31 13:01:52.047632,a739eb585292be58c99962fd287acafb1a459b72
6181,2.0,1120,1118,ddd,Good,3,2017-02-01 11:30:23.784289,831376f92ed066e803751a5a0c0ecd90a104915a
9517,0.0,1263,1263,aaa,Fair,9,2017-02-03 09:26:41.717685,5bbd5046c9b461ca6f1549f3f39c240a9c5702f9
1041,0.0,1120,1119,aaa,Fair,3,2017-02-03 03:01:28.365477,cedf5ccd8253fb636743d0248d10bcc0f11c8edf
4350,2.0,1116,1114,hhh,Like New,5,2017-01-30 19:38:43.735501,3c4840cf1e3a9541b48135f0467d4846df6e2781
7293,2.0,910,908,aaa,Good,3,2017-02-02 08:14:43.885898,662791b56c06d86d3c0cb16e8163662dd014fd9f
5789,2.0,1092,1091,hhh,Like New,9,2017-01-31 07:32:06.148191,1eb904b6d0c2a41af59e2d1fdd0e10624d94c81a
4304,1.0,1363,1363,kkk,Good,12,2017-01-29 23:32:53.740034,3aec82c18ccca37a61500a2c658e353667387d9d
8402,2.0,1165,1164,fff,Like New,2,2017-02-01 11:33:18.830507,befa2b19820da7401dbf672069d4af99a040c200
2797,2.0,1153,1151,jjj,Good,11,2017-01-31 01:12:56.420301,1eb904b6d0c2a41af59e2d1fdd0e10624d94c81a
8956,2.0,910,908,ggg,Good,5,2017-02-01 10:45:48.001494,709c7dbb3799c8cc779706c907513661df268cbc
4954,0.0,922,920,bbb,Fair,3,2017-02-03 03:38:43.574225,7161a2409087e392cf68559ddac9f1b64b07510c
9659,4.0,1019,1016,ddd,Fair,12,2017-02-01 02:31:00.929815,d27c5a6872d7c57d29ef416866e2aa92eae10018
1991,1.0,1583,1583,kkk,Good,23,2017-01-30 14:59:23.290995,3aec82c18ccca37a61500a2c658e353667387d9d
2003,2.0,1182,1181,kkk,Good,7,2017-02-01 02:16:58.374966,4f221ee9a76b15f3f2737e7344ca4453902fb586
9325,1.0,1109,2199,eee,Like New,19,2017-01-29 13:03:19.131394,be98fbb5fef1a2a7ce8be317fcbce6b1912024c3
9217,1.0,1518,1517,bbb,Like New,10,2017-01-30 17:06:31.211411,91d5e6728240dd7edc866732c15a56a934cf0a97
1280,2.0,936,937,ggg,Like New,8,2017-01-30 06:45:29.372998,1eb904b6d0c2a41af59e2d1fdd0e10624d94c81a
9990,0.0,1133,1132,fff,Good,5,2017-02-02 21:03:11.163547,3d41b7fd29fc9b4ab18b63e1727b59b9eb5df1e2
3440,0.0,997,995,ddd,Good,2,2017-02-01 23:44:15.224403,14b21325096dd31c90a39900a910122c4d9fe3d9
8474,0.0,1203,1203,kkk,Good,6,2017-01-31 14:47:18.754146,720280228d832ca4d96e5fd013bddb398998d000
4533,0.0,758,756,aaa,Fair,4,2017-02-02 18:58:24.984172,1592af7e76a7114b4f9beea0be4746f59ada13a6
9934,3.0,1840,1838,aaa,Like New,16,2017-02-05 05:50:39.308396,87a58831a3f052f220a9e6dff87a7cad0d1052ab
4374,0.0,1122,1121,ddd,Fair,2,2017-01-30 18:41:48.253243,f8997252c6e5ae3d950b736e1a81160a2e937a7f
8944,4.0,983,982,aaa,Fair,5,2017-01-30 17:33:34.049572,80658c64f144849de7740bf64d7ca5a88ef951b6
3398,3.0,1551,1549,hhh,Good,4,2017-02-02 16:29:12.835568,0200320ae3bc247e747ef93e3259bc29ddf53392
1371,3.0,1675,1675,ccc,Good,19,2017-02-02 16:58:53.797214,83ec73d69436a58d7bd6ba448a17c1aa22d950c8
3596,1.0,1130,1130,kkk,Good,21,2017-01-31 18:16:39.055208,ad5955c8503631249178de05628e1434aad35af0
5547,0.0,978,978,ccc,Fair,2,2017-01-30 08:58:41.509626,4080612570be15e797c5dae4449e556f77faa2fa
2310,2.0,923,921,kkk,Fair,10,2017-01-31 03:51:28.264854,5378c3d8a9417d31d1abdb3da9ffb909420656eb
7126,1.0,1466,1464,fff,Like New,15,2017-01-31 02:00:23.623023,91d5e6728240dd7edc866732c15a56a934cf0a97
7310,1.0,1516,1515,bbb,Like New,12,2017-01-30 07:59:59.876173,081be7c370bf9e7b4c6e696276c1b2d57623b26b
3616,2.0,1028,1026,eee,Fair,6,2017-01-30 09:48:59.094156,1955bfd4523499c91e72d5c446d0d74cccaa5275
3761,0.0,886,886,bbb,Good,6,2017-02-03 02:39:26.905023,138825ed8f4199d67f9ca400b795b65fec1158ac
9849,2.0,905,907,ddd,Like New,7,2017-02-01 08:32:14.907407,07f97cc68eebf81afcd32f6fc0aad7e1f17e0c00
9097,1.0,1265,1263,bbb,Good,14,2017-02-01 05:52:18.891730,3aec82c18ccca37a61500a2c658e353667387d9d
1872,1.0,1136,1137,jjj,Good,5,2017-01-31 00:05:07.708871,64784bedd53258d0152783e812438f26f69da48c
3913,0.0,1128,1127,eee,Fair,1,2017-02-03 21:48:59.336056,533958a2148aa8a3466fa3a8340d51e28294f41d
4591,1.0,1454,1452,ddd,Like New,12,2017-01-31 12:51:53.052922,eeb8f1dbcd3eedab645d5ab893d199d494579bf3
3731,3.0,1250,1249,ddd,Good,9,2017-02-01 12:27:31.689439,8350495d0f4c30922ea04e171519892a303ea929
9544,1.0,1456,1457,bbb,Like New,16,2017-01-31 00:03:42.748080,a739eb585292be58c99962fd287acafb1a459b72
1284,2.0,898,897,jjj,Like New,8,2017-01-30 14:42:25.313969,599e9ef3575ae3622fe4bc5b1b01c3705a7e848c
5791,0.0,1000,999,fff,Fair,7,2017-01-29 17:16:41.461204,1c90b882d4ac9c7d95d597bd8b37e3bfa36aec00
7215,4.0,1066,1065,ccc,Fair,5,2017-01-31 11:30:49.762617,80658c64f144849de7740bf64d7ca5a88ef951b6
3421,2.0,987,985,hhh,Good,4,2017-02-01 19:08:57.804103,fdc01209f90eda589f0453b7e29e0114923ecd8b
9610,3.0,1551,1550,jjj,Good,12,2017-01-31 09:42:55.848114,7c9fe6831f52e30e0ede4f8c54fd9bba673e8d8b
8510,1.0,1013,1011,ddd,Good,7,2017-01-31 22:45:51.886508,76a9e39fc0fb7fefce78c4940c4aa5468c8c8df4
6240,1.0,1491,1489,kkk,Fair,12,2017-01-30 13:29:57.911716,23e24d90c6975b633f20329226281e642e52ab03
9520,3.0,1054,1055,hhh,Like New,23,2017-02-01 12:14:50.689227,ca59bcd3da4daac52f3fcfdc0ab963f65cf421bc
7196,4.0,1019,1017,fff,Like New,1,2017-01-30 14:27:46.452489,d79dfd7857cc923493f1d7e34186cf7e04ec9d41
7420,1.0,1341,1342,fff,Like New,39,2017-02-01 12:44:40.690681,64784bedd53258d0152783e812438f26f69da48c
2072,1.0,977,976,ddd,Good,20,2017-01-31 19:17:49.404141,2b669c9296380e84b1308058c9c5e6917a9510e9
1739,0.0,915,915,bbb,Fair,5,2017-02-02 20:51:25.998728,fbaacb960902382e4f6c96f2d8f225c24eecadb4
3627,1.0,1366,1364,jjj,Good,11,2017-02-02 16:58:17.673049,8d25b4c973c5dafa021036664b080a79e0bb69a0
2958,4.0,809,808,bbb,Fair,8,2017-01-31 05:56:29.220059,54f9c5db018042c5624c67dc1de588c11164e3ac
8368,0.0,1103,1103,ccc,Good,8,2017-01-31 12:57:01.414282,00fd4b4549a1094aae926ef62e9dbd3cdcc2e456
7330,2.0,1100,1097,ggg,Good,12,2017-01-31 13:35:00.151481,5378c3d8a9417d31d1abdb3da9ffb909420656eb
9863,3.0,1341,1340,hhh,Like New,22,2017-02-01 20:31:54.984357,d27c5a6872d7c57d29ef416866e2aa92eae10018
5899,0.0,1053,1051,eee,Like New,5,2017-02-01 02:05:17.103614,e194ee413805ba5a6aabf4d34db2066149dc0369
2833,2.0,1014,1014,jjj,Fair,1,2017-01-30 22:41:05.662669,619b7f2c7440776e5362a04735de28763ff332d8
1425,3.0,1519,1519,ggg,Good,39,2017-02-01 20:02:47.060621,3c457ce18c2e37a4437e0201076ad638367ef0ea
5800,1.0,1614,1614,bbb,Like New,13,2017-01-29 09:35:24.786181,a739eb585292be58c99962fd287acafb1a459b72
3283,0.0,871,870,aaa,Good,5,2017-02-02 14:17:52.981189,259fe583ddd64df1efa6b2cbf7a1afae427cfa5d
2159,2.0,1059,1058,hhh,Like New,2,2017-01-29 09:02:17.340954,3c4840cf1e3a9541b48135f0467d4846df6e2781
6695,4.0,905,905,eee,Fair,12,2017-01-31 13:34:34.172478,4b7af5bd2d1026517f203f379e660fe2337a3e33
5616,3.0,1268,1268,jjj,Good,20,2017-02-02 23:39:42.943331,ca59bcd3da4daac52f3fcfdc0ab963f65cf421bc
2589,0.0,983,981,jjj,Fair,15,2017-01-31 07:16:23.657848,31e32558fdf2acfa6e47afefa271580600d36202
3924,1.0,986,985,ccc,Good,14,2017-02-01 04:15:30.670937,b7553c6080f116f0115b1f080e03484b98292d8b
1160,1.0,1339,1341,eee,Fair,24,2017-01-30 18:09:18.598600,83ec73d69436a58d7bd6ba448a17c1aa22d950c8
7694,0.0,1126,1124,ccc,Fair,10,2017-02-01 20:15:03.330824,cf7579954ba3792f6a40044c32f28fb62b10863f
9722,0.0,1162,1159,fff,Good,3,2017-02-01 00:54:29.370030,784e9240155834852dff458a730cceb50229df32
9093,0.0,949,948,ccc,Fair,4,2017-02-01 15:41:19.678618,784e9240155834852dff458a730cceb50229df32
2395,3.0,1524,1524,hhh,Fair,18,2017-02-02 11:08:03.605178,6c201efaf928c4db315bee1e4002a646d5714f13
7291,3.0,1419,1418,hhh,Good,10,2017-02-01 23:56:53.783918,ca59bcd3da4daac52f3fcfdc0ab963f65cf421bc
5008,4.0,696,695,bbb,Fair,6,2017-01-31 10:31:32.787728,80658c64f144849de7740bf64d7ca5a88ef951b6
5132,1.0,1287,1287,eee,Good,18,2017-01-29 10:37:32.702406,b77fb0e4f8c1ae7d38d10a6c3333722cba42b1ab
5134,2.0,1173,1173,ggg,Good,10,2017-02-01 18:56:48.792293,fdc01209f90eda589f0453b7e29e0114923ecd8b
2930,0.0,1063,1062,hhh,Fair,2,2017-01-30 05:38:41.909412,25c65868b540200530fe4d75eb95a9a92c0c76ce
1598,1.0,1182,1183,hhh,Like New,21,2017-01-30 22:44:41.868513,54164c3db2c5171b138c809d3cbe7a6637c31cbf
2342,2.0,919,916,jjj,Like New,8,2017-01-31 16:47:02.868099,02ef6a4d5e9b6440ee4513baf40746cb8e872fe4
9674,0.0,1016,1014,eee,Fair,6,2017-01-30 22:25:21.778416,d79dfd7857cc923493f1d7e34186cf7e04ec9d41
9604,2.0,1113,1111,ggg,Good,4,2017-01-31 02:44:07.060782,1eb904b6d0c2a41af59e2d1fdd0e10624d94c81a
2858,4.0,901,902,eee,Fair,3,2017-02-01 00:28:33.389948,1955bfd4523499c91e72d5c446d0d74cccaa5275
1589,2.0,988,989,kkk,Like New,13,2017-01-30 16:37:25.369353,3c4840cf1e3a9541b48135f0467d4846df6e2781
6533,3.0,1419,1419,ggg,Like New,17,2017-02-01 01:15:46.700994,ca59bcd3da4daac52f3fcfdc0ab963f65cf421bc
6639,4.0,901,900,fff,Good,1,2017-02-01 17:33:18.306669,7cb3f42379df52fb7c22a44c27399c3177bd99d2
9946,0.0,1176,1176,ccc,Fair,12,2017-02-02 20:24:26.922499,fbaacb960902382e4f6c96f2d8f225c24eecadb4
6277,1.0,1605,1605,bbb,Like New,13,2017-01-31 07:35:08.842380,91d5e6728240dd7edc866732c15a56a934cf0a97
9904,2.0,812,811,jjj,Like New,8,2017-01-31 23:19:22.621372,4f221ee9a76b15f3f2737e7344ca4453902fb586
7344,0.0,716,716,ddd,Fair,5,2017-02-03 12:00:08.068243,183723726a927563ad46963f2138cc147d04cea0
9977,0.0,952,951,fff,Good,4,2017-02-01 18:30:23.749944,070dafcb55881e67b7fce04cfb94faa33639b865
4515,3.0,1286,1288,hhh,Good,12,2017-02-02 12:13:12.087464,0f23eb04fa3d66bce3cb03de0629ac1b4fd32bbb
3866,2.0,945,944,ggg,Good,1,2017-02-02 09:17:35.490142,fdc01209f90eda589f0453b7e29e0114923ecd8b
9857,0.0,935,933,ccc,Good,2,2017-01-31 06:36:45.802379,1c90b882d4ac9c7d95d597bd8b37e3bfa36aec00
6610,1.0,1597,1598,jjj,Like New,11,2017-02-03 00:56:01.792222,02f84308fab673d8332e1ab780a8ade20987e925
5185,2.0,834,832,ggg,Fair,5,2017-01-30 21:36:41.106099,715e82fa3b623c04f4eb343985dbbe7555a0be99
8892,0.0,946,944,jjj,Fair,6,2017-01-29 21:09:48.047256,dc1e5e97b303462f6c9a009994f17fb83d9f7624
1649,2.0,1139,1139,bbb,Good,13,2017-02-01 12:53:35.182186,789ef3d6e1196152c1e7ccadc639c306254a305e
1583,0.0,921,919,fff,Good,6,2017-01-31 22:26:31.038118,e6ba73dc9533e190c71bfc3877414870457f1533
6531,2.0,1025,1024,hhh,Like New,9,2017-01-31 14:14:34.902156,1eb904b6d0c2a41af59e2d1fdd0e10624d94c81a
5048,3.0,1296,1296,bbb,Fair,29,2017-02-01 10:38:39.552126,8350495d0f4c30922ea04e171519892a303ea929
7379,0.0,1086,1084,aaa,Like New,8,2017-02-02 13:25:09.558873,e3cbba8883fe746c6e35783c9404b4bc0c7ee9eb
5768,1.0,1386,1386,kkk,Good,7,2017-01-29 15:53:16.362899,91d5e6728240dd7edc866732c15a56a934cf0a97
3569,3.0,1384,1382,jjj,Good,20,2017-01-31 20:36:36.479819,b124524c4b1ade45d1deecbcdef614fadb3ec205
7463,3.0,1393,1391,fff,Good,21,2017-02-02 20:39:33.163121,e9a20a4af61c91b0232679bc583058b278fb2926
5188,3.0,1059,2589,hhh,Fair,33,2017-02-01 19:12:42.485557,1f6ae7aaf57c91eff8b09946b2fdf0abd67ac2cf
2355,3.0,824,825,aaa,Fair,18,2017-02-01 12:13:05.116429,906063f00d2555893e5c32e9249ae185ae689a7b
2707,2.0,972,972,ddd,Fair,8,2017-01-29 04:19:07.847594,be69557045e8d95f6c5bc62bea729b2e4bc50a7c
4232,0.0,961,959,kkk,Fair,5,2017-01-28 15:48:06.235693,dc5a02ad7c6cc4b77e93dc175800619e7e684464
6114,0.0,1086,1084,eee,Like New,7,2017-02-01 02:52:12.893606,290448489a06c6a2dc62e82491212444bd6e341f
2638,2.0,973,973,ggg,Good,5,2017-01-31 16:23:21.816283,3ac0b1284201deeda8488a82e2b9b8c11e5d51b4
6995,2.0,975,975,hhh,Fair,5,2017-01-30 05:46:00.815463,0104cf3b45056589309effd4d0889e430018b490
3852,0.0,1234,1232,kkk,Like New,4,2017-02-03 10:45:57.382388,aa0e9f704b12a27af259750f79b22f99efdb68c5
9110,0.0,921,920,aaa,Like New,6,2017-02-01 04:51:55.864589,138825ed8f4199d67f9ca400b795b65fec1158ac
8736,0.0,1069,1069,ddd,Good,3,2017-02-01 13:52:30.694651,6896ddc64ef4051e872b1e3b3b37d25e74f3c335
4769,2.0,1001,1000,jjj,Good,8,2017-01-31 10:45:07.063082,4b3dd95e69e77efeaa3844fd6f6f6ffc5c3bd3f1
6210,1.0,1113,1112,aaa,Like New,23,2017-01-31 16:46:20.037502,64784bedd53258d0152783e812438f26f69da48c
3176,0.0,1112,1111,ggg,Fair,6,2017-01-29 21:11:56.112656,1c90b882d4ac9c7d95d597bd8b37e3bfa36aec00
5002,1.0,1352,1351,fff,Like New,19,2017-02-01 09:44:37.848292,64784bedd53258d0152783e812438f26f69da48c
7297,0.0,1058,1057,ggg,Good,3,2017-02-01 04:48:08.217923,0284938375fd54f17c4331b8ef9f686bfbda02c3
5781,1.0,1094,1094,eee,Like New,14,2017-01-29 21:00:40.693073,a739eb585292be58c99962fd287acafb1a459b72
3412,4.0,1049,1047,eee,Like New,6,2017-02-03 06:01:38.332401,2f70e239c7a5d80384275be451075e4cb7125e9e
3485,1.0,1055,1055,kkk,Fair,7,2017-01-31 05:54:02.687414,5527e76c85e5b71c6defa5f0099519b1d67b4627
2887,4.0,1061,1059,fff,Good,5,2017-01-28 23:34:30.945440,a6990ed96e2c5acac92acdcc3f83ba4e2893ad76
1842,4.0,985,984,bbb,Fair,8,2017-01-31 09:17:01.949507,4b7af5bd2d1026517f203f379e660fe2337a3e33
1908,2.0,928,927,aaa,Good,7,2017-02-02 00:40:22.664975,662791b56c06d86d3c0cb16e8163662dd014fd9f
7946,0.0,882,881,hhh,Fair,0,2017-01-30 21:09:32.007752,1c90b882d4ac9c7d95d597bd8b37e3bfa36aec00
6011,2.0,1047,1045,jjj,Fair,5,2017-01-30 06:19:30.812686,0104cf3b45056589309effd4d0889e430018b490
3773,0.0,929,926,eee,Like New,6,2017-02-01 19:38:50.787283,685df181be80ff8d2018d3ff7c61f12c471005d2
8973,3.0,1438,1436,kkk,Good,17,2017-01-31 09:42:53.430184,b124524c4b1ade45d1deecbcdef614fadb3ec205
3464,0.0,1157,1157,ccc,Good,3,2017-02-01 17:28:21.337527,128351137a9c47206c4507dcf2e6fbeeca3a9079
6359,4.0,835,833,ggg,Good,9,2017-01-30 03:16:26.467656,9b42c60dfb2b5a8e1c588b0ec793752aa4f299f3
6917,2.0,1054,1053,ggg,Like New,2,2017-02-01 18:41:11.817004,07f97cc68eebf81afcd32f6fc0aad7e1f17e0c00
5722,4.0,658,658,eee,Like New,4,2017-01-31 17:22:22.578599,2f70e239c7a5d80384275be451075e4cb7125e9e
7483,0.0,855,855,ccc,Fair,6,2017-02-02 18:17:31.118177,5bbd5046c9b461ca6f1549f3f39c240a9c5702f9
6604,4.0,870,868,eee,Good,4,2017-01-31 16:36:40.751972,d27c5a6872d7c57d29ef416866e2aa92eae10018
9262,3.0,1272,1271,bbb,Good,20,2017-02-03 02:54:49.104368,d3a3c101936b93dbf9eb710e611c2cf58c806137
1587,3.0,1267,1267,ccc,Good,31,2017-02-02 00:27:50.627988,8350495d0f4c30922ea04e171519892a303ea929
4718,0.0,974,974,eee,Good,3,2017-02-02 14:56:07.182834,fbaacb960902382e4f6c96f2d8f225c24eecadb4
9808,2.0,978,977,kkk,Fair,4,2017-01-29 13:02:24.275703,5378c3d8a9417d31d1abdb3da9ffb909420656eb
5994,2.0,848,847,aaa,Good,10,2017-01-31 02:45:13.267262,54f9c5db018042c5624c67dc1de588c11164e3ac
5938,1.0,944,943,jjj,Like New,12,2017-01-31 00:36:08.400749,eeb8f1dbcd3eedab645d5ab893d199d494579bf3
3754,0.0,1233,1233,jjj,Fair,3,2017-01-30 17:45:27.087855,4080612570be15e797c5dae4449e556f77faa2fa
4014,2.0,921,921,jjj,Fair,6,2017-01-30 02:10:47.316850,c6d28f73737fec3883c5b4cebe30bfe12bbe4bf4
8366,3.0,1385,1383,ggg,Fair,6,2017-02-03 03:55:54.524022,d3a3c101936b93dbf9eb710e611c2cf58c806137
4419,3.0,1170,1169,jjj,Fair,25,2017-02-02 02:46:15.981054,6c201efaf928c4db315bee1e4002a646d5714f13
4534,4.0,1043,1042,ggg,Like New,4,2017-02-02 07:49:28.745695,fee8346a5a401a9c314846811346613d2ddf998c
3980,4.0,661,660,ccc,Good,9,2017-01-30 20:08:39.711396,54f9c5db018042c5624c67dc1de588c11164e3ac
5401,3.0,1472,1470,jjj,Good,22,2017-02-02 17:44:35.892055,ca59bcd3da4daac52f3fcfdc0ab963f65cf421bc
9759,4.0,1035,1034,jjj,Good,2,2017-02-01 17:30:25.041933,be98fbb5fef1a2a7ce8be317fcbce6b1912024c3
7972,2.0,1045,1044,hhh,Like New,8,2017-01-31 07:17:00.534084,3ac0b1284201deeda8488a82e2b9b8c11e5d51b4
3679,1.0,1139,1136,hhh,Good,13,2017-02-02 09:10:57.633228,415d2e4353963c539961c46ad289844f4093ba96
5673,4.0,950,948,bbb,Fair,7,2017-01-31 12:18:18.789130,d27c5a6872d7c57d29ef416866e2aa92eae10018
7453,2.0,1021,1020,ccc,Like New,2,2017-02-01 01:58:18.168686,07f97cc68eebf81afcd32f6fc0aad7e1f17e0c00
8667,1.0,1651,1651,jjj,Good,22,2017-02-01 09:19:27.242903,b7553c6080f116f0115b1f080e03484b98292d8b
3626,0.0,1039,1039,ddd,Good,25,2017-01-31 07:09:18.553644,e6ba73dc9533e190c71bfc3877414870457f1533
9402,2.0,821,820,ddd,Fair,2,2017-01-30 10:01:11.320594,071819749594ed380380dca6aed0f24e25cc9269
5141,3.0,1361,1361,jjj,Good,11,2017-02-01 01:52:29.442548,551220deeb362077f5df356bdebaf94f34f93f0c
9545,4.0,960,958,ccc,Like New,5,2017-02-01 04:27:01.389558,a6990ed96e2c5acac92acdcc3f83ba4e2893ad76
7530,0.0,1091,1091,kkk,Fair,6,2017-01-29 16:56:34.421922,25c65868b540200530fe4d75eb95a9a92c0c76ce
5818,0.0,898,898,aaa,Good,9,2017-02-03 08:32:36.234588,183723726a927563ad46963f2138cc147d04cea0
4841,0.0,1034,1032,ggg,Good,7,2017-01-31 07:31:02.281944,0fb0a8a62cbe899f9c109e5ccf6d5f3b35e33f38
4523,1.0,1172,1173,ggg,Like New,17,2017-01-30 06:25:37.744427,de81d9d9c77a733524fab8bcc691f1ebd5a69f6e
7613,1.0,1238,1237,ggg,Good,16,2017-01-31 03:13:42.528267,e41c8fd8d6da74a91fc96008280baea77725b5a7
8976,3.0,799,799,aaa,Fair,24,2017-02-03 16:44:02.448273,870f1bf229da5eb26e5e5a7c1d69d9451fa7906a
